ISO-10303-21;
HEADER;
FILE_DESCRIPTION(('KiCad electronic assembly'),'2;1');
FILE_NAME('Micromouse_V01.step','2026-08-16T13:04:30',('Pcbnew'),(
    'Kicad'),'Open CASCADE STEP processor 7.8','KiCad to STEP converter'
  ,'Unknown');
FILE_SCHEMA(('AUTOMOTIVE_DESIGN { 1 0 10303 214 1 1 1 1 }'));
ENDSEC;
DATA;
#1 = APPLICATION_PROTOCOL_DEFINITION('international standard',
  'automotive_design',2000,#2);
#2 = APPLICATION_CONTEXT(
  'core data for automotive mechanical design processes');
#3 = SHAPE_DEFINITION_REPRESENTATION(#4,#10);
#4 = PRODUCT_DEFINITION_SHAPE('','',#5);
#5 = PRODUCT_DEFINITION('design','',#6,#9);
#6 = PRODUCT_DEFINITION_FORMATION('','',#7);
#7 = PRODUCT('Micromouse_V01 1','Micromouse_V01 1','',(#8));
#8 = PRODUCT_CONTEXT('',#2,'mechanical');
#9 = PRODUCT_DEFINITION_CONTEXT('part definition',#2,'design');
#10 = SHAPE_REPRESENTATION('',(#11,#15),#19);
#11 = AXIS2_PLACEMENT_3D('',#12,#13,#14);
#12 = CARTESIAN_POINT('',(0.,0.,0.));
#13 = DIRECTION('',(0.,0.,1.));
#14 = DIRECTION('',(1.,0.,-0.));
#15 = AXIS2_PLACEMENT_3D('',#16,#17,#18);
#16 = CARTESIAN_POINT('',(0.,0.,0.));
#17 = DIRECTION('',(0.,0.,1.));
#18 = DIRECTION('',(1.,0.,-0.));
#19 = ( GEOMETRIC_REPRESENTATION_CONTEXT(3) 
GLOBAL_UNCERTAINTY_ASSIGNED_CONTEXT((#23)) GLOBAL_UNIT_ASSIGNED_CONTEXT(
(#20,#21,#22)) REPRESENTATION_CONTEXT('Context #1',
  '3D Context with UNIT and UNCERTAINTY') );
#20 = ( LENGTH_UNIT() NAMED_UNIT(*) SI_UNIT(.MILLI.,.METRE.) );
#21 = ( NAMED_UNIT(*) PLANE_ANGLE_UNIT() SI_UNIT($,.RADIAN.) );
#22 = ( NAMED_UNIT(*) SI_UNIT($,.STERADIAN.) SOLID_ANGLE_UNIT() );
#23 = UNCERTAINTY_MEASURE_WITH_UNIT(LENGTH_MEASURE(1.E-07),#20,
  'distance_accuracy_value','confusion accuracy');
#24 = PRODUCT_RELATED_PRODUCT_CATEGORY('part',$,(#7));
#25 = SHAPE_DEFINITION_REPRESENTATION(#26,#32);
#26 = PRODUCT_DEFINITION_SHAPE('','',#27);
#27 = PRODUCT_DEFINITION('design','',#28,#31);
#28 = PRODUCT_DEFINITION_FORMATION('','',#29);
#29 = PRODUCT('Micromouse_V01_PCB','Micromouse_V01_PCB','',(#30));
#30 = PRODUCT_CONTEXT('',#2,'mechanical');
#31 = PRODUCT_DEFINITION_CONTEXT('part definition',#2,'design');
#32 = ADVANCED_BREP_SHAPE_REPRESENTATION('',(#11,#33),#5659);
#33 = MANIFOLD_SOLID_BREP('',#34);
#34 = CLOSED_SHELL('',(#35,#77,#108,#139,#1686,#3233,#3250,#3267,#3284,
    #3301,#3318,#3335,#3352,#3369,#3381,#3398,#3415,#3432,#3449,#3466,
    #3483,#3500,#3517,#3534,#3551,#3568,#3585,#3602,#3619,#3636,#3653,
    #3670,#3687,#3704,#3721,#3743,#3760,#3777,#3789,#3806,#3823,#3840,
    #3857,#3874,#3891,#3908,#3925,#3942,#3959,#3976,#3993,#4010,#4027,
    #4044,#4061,#4078,#4095,#4112,#4129,#4146,#4163,#4180,#4197,#4214,
    #4231,#4248,#4265,#4282,#4299,#4316,#4333,#4350,#4367,#4384,#4401,
    #4418,#4435,#4452,#4469,#4486,#4503,#4520,#4537,#4554,#4571,#4588,
    #4605,#4622,#4639,#4656,#4673,#4690,#4707,#4724,#4741,#4758,#4775,
    #4792,#4809,#4826,#4843,#4860,#4877,#4894,#4911,#4928,#4945,#4962,
    #4979,#4996,#5013,#5030,#5047,#5064,#5081,#5098,#5115,#5132,#5149,
    #5166,#5183,#5200,#5217,#5234,#5251,#5268,#5285,#5302,#5319,#5336,
    #5353,#5370,#5387,#5404,#5421,#5438,#5455,#5472,#5489,#5506,#5523,
    #5540,#5557,#5574,#5591,#5608,#5625,#5642));
#35 = ADVANCED_FACE('',(#36),#72,.T.);
#36 = FACE_BOUND('',#37,.T.);
#37 = EDGE_LOOP('',(#38,#48,#57,#65));
#38 = ORIENTED_EDGE('',*,*,#39,.T.);
#39 = EDGE_CURVE('',#40,#42,#44,.T.);
#40 = VERTEX_POINT('',#41);
#41 = CARTESIAN_POINT('',(-8.355,33.5,0.));
#42 = VERTEX_POINT('',#43);
#43 = CARTESIAN_POINT('',(-8.355,33.5,1.51));
#44 = LINE('',#45,#46);
#45 = CARTESIAN_POINT('',(-8.355,33.5,0.));
#46 = VECTOR('',#47,1.);
#47 = DIRECTION('',(0.,0.,1.));
#48 = ORIENTED_EDGE('',*,*,#49,.T.);
#49 = EDGE_CURVE('',#42,#50,#52,.T.);
#50 = VERTEX_POINT('',#51);
#51 = CARTESIAN_POINT('',(62.355,33.5,1.51));
#52 = CIRCLE('',#53,37.499679997593);
#53 = AXIS2_PLACEMENT_3D('',#54,#55,#56);
#54 = CARTESIAN_POINT('',(27.,21.000001003125,1.51));
#55 = DIRECTION('',(0.,0.,-1.));
#56 = DIRECTION('',(-0.942808045356,0.333336151073,0.));
#57 = ORIENTED_EDGE('',*,*,#58,.F.);
#58 = EDGE_CURVE('',#59,#50,#61,.T.);
#59 = VERTEX_POINT('',#60);
#60 = CARTESIAN_POINT('',(62.355,33.5,0.));
#61 = LINE('',#62,#63);
#62 = CARTESIAN_POINT('',(62.355,33.5,0.));
#63 = VECTOR('',#64,1.);
#64 = DIRECTION('',(0.,0.,1.));
#65 = ORIENTED_EDGE('',*,*,#66,.F.);
#66 = EDGE_CURVE('',#40,#59,#67,.T.);
#67 = CIRCLE('',#68,37.499679997593);
#68 = AXIS2_PLACEMENT_3D('',#69,#70,#71);
#69 = CARTESIAN_POINT('',(27.,21.000001003125,0.));
#70 = DIRECTION('',(0.,0.,-1.));
#71 = DIRECTION('',(-0.942808045356,0.333336151073,0.));
#72 = CYLINDRICAL_SURFACE('',#73,37.499679997593);
#73 = AXIS2_PLACEMENT_3D('',#74,#75,#76);
#74 = CARTESIAN_POINT('',(27.,21.000001003125,0.));
#75 = DIRECTION('',(0.,0.,-1.));
#76 = DIRECTION('',(-0.942808045356,0.333336151073,0.));
#77 = ADVANCED_FACE('',(#78),#103,.T.);
#78 = FACE_BOUND('',#79,.T.);
#79 = EDGE_LOOP('',(#80,#90,#96,#97));
#80 = ORIENTED_EDGE('',*,*,#81,.T.);
#81 = EDGE_CURVE('',#82,#84,#86,.T.);
#82 = VERTEX_POINT('',#83);
#83 = CARTESIAN_POINT('',(-1.5,33.5,0.));
#84 = VERTEX_POINT('',#85);
#85 = CARTESIAN_POINT('',(-1.5,33.5,1.51));
#86 = LINE('',#87,#88);
#87 = CARTESIAN_POINT('',(-1.5,33.5,0.));
#88 = VECTOR('',#89,1.);
#89 = DIRECTION('',(0.,0.,1.));
#90 = ORIENTED_EDGE('',*,*,#91,.T.);
#91 = EDGE_CURVE('',#84,#42,#92,.T.);
#92 = LINE('',#93,#94);
#93 = CARTESIAN_POINT('',(-1.5,33.5,1.51));
#94 = VECTOR('',#95,1.);
#95 = DIRECTION('',(-1.,0.,0.));
#96 = ORIENTED_EDGE('',*,*,#39,.F.);
#97 = ORIENTED_EDGE('',*,*,#98,.F.);
#98 = EDGE_CURVE('',#82,#40,#99,.T.);
#99 = LINE('',#100,#101);
#100 = CARTESIAN_POINT('',(-1.5,33.5,0.));
#101 = VECTOR('',#102,1.);
#102 = DIRECTION('',(-1.,0.,0.));
#103 = PLANE('',#104);
#104 = AXIS2_PLACEMENT_3D('',#105,#106,#107);
#105 = CARTESIAN_POINT('',(-1.5,33.5,0.));
#106 = DIRECTION('',(0.,-1.,0.));
#107 = DIRECTION('',(-1.,0.,0.));
#108 = ADVANCED_FACE('',(#109),#134,.T.);
#109 = FACE_BOUND('',#110,.T.);
#110 = EDGE_LOOP('',(#111,#112,#120,#128));
#111 = ORIENTED_EDGE('',*,*,#58,.T.);
#112 = ORIENTED_EDGE('',*,*,#113,.T.);
#113 = EDGE_CURVE('',#50,#114,#116,.T.);
#114 = VERTEX_POINT('',#115);
#115 = CARTESIAN_POINT('',(55.5,33.5,1.51));
#116 = LINE('',#117,#118);
#117 = CARTESIAN_POINT('',(62.355,33.5,1.51));
#118 = VECTOR('',#119,1.);
#119 = DIRECTION('',(-1.,0.,0.));
#120 = ORIENTED_EDGE('',*,*,#121,.F.);
#121 = EDGE_CURVE('',#122,#114,#124,.T.);
#122 = VERTEX_POINT('',#123);
#123 = CARTESIAN_POINT('',(55.5,33.5,0.));
#124 = LINE('',#125,#126);
#125 = CARTESIAN_POINT('',(55.5,33.5,0.));
#126 = VECTOR('',#127,1.);
#127 = DIRECTION('',(0.,0.,1.));
#128 = ORIENTED_EDGE('',*,*,#129,.F.);
#129 = EDGE_CURVE('',#59,#122,#130,.T.);
#130 = LINE('',#131,#132);
#131 = CARTESIAN_POINT('',(62.355,33.5,0.));
#132 = VECTOR('',#133,1.);
#133 = DIRECTION('',(-1.,0.,0.));
#134 = PLANE('',#135);
#135 = AXIS2_PLACEMENT_3D('',#136,#137,#138);
#136 = CARTESIAN_POINT('',(62.355,33.5,0.));
#137 = DIRECTION('',(0.,-1.,0.));
#138 = DIRECTION('',(-1.,0.,0.));
#139 = ADVANCED_FACE('',(#140,#217,#228,#239,#250,#261,#272,#283,#294,
    #305,#316,#327,#338,#349,#360,#371,#382,#393,#404,#415,#426,#437,
    #471,#482,#493,#504,#515,#526,#537,#548,#559,#570,#581,#592,#603,
    #614,#625,#636,#647,#658,#669,#680,#691,#702,#713,#724,#735,#746,
    #757,#768,#779,#790,#801,#812,#823,#834,#845,#856,#867,#878,#889,
    #900,#911,#922,#933,#944,#955,#966,#977,#988,#999,#1010,#1021,#1032,
    #1043,#1054,#1065,#1076,#1087,#1098,#1109,#1120,#1131,#1142,#1153,
    #1164,#1175,#1186,#1197,#1208,#1219,#1230,#1241,#1252,#1263,#1274,
    #1285,#1296,#1307,#1318,#1329,#1340,#1351,#1362,#1373,#1384,#1395,
    #1406,#1417,#1428,#1439,#1450,#1461,#1472,#1483,#1494,#1505,#1516,
    #1527,#1538,#1549,#1560,#1571,#1582,#1593,#1604,#1615,#1626,#1637,
    #1648,#1659,#1670),#1681,.F.);
#140 = FACE_BOUND('',#141,.F.);
#141 = EDGE_LOOP('',(#142,#143,#144,#152,#161,#169,#177,#185,#193,#201,
    #210,#216));
#142 = ORIENTED_EDGE('',*,*,#66,.F.);
#143 = ORIENTED_EDGE('',*,*,#98,.F.);
#144 = ORIENTED_EDGE('',*,*,#145,.F.);
#145 = EDGE_CURVE('',#146,#82,#148,.T.);
#146 = VERTEX_POINT('',#147);
#147 = CARTESIAN_POINT('',(-1.5,-40.,0.));
#148 = LINE('',#149,#150);
#149 = CARTESIAN_POINT('',(-1.5,-40.,0.));
#150 = VECTOR('',#151,1.);
#151 = DIRECTION('',(0.,1.,0.));
#152 = ORIENTED_EDGE('',*,*,#153,.F.);
#153 = EDGE_CURVE('',#154,#146,#156,.T.);
#154 = VERTEX_POINT('',#155);
#155 = CARTESIAN_POINT('',(-3.176373552204E-22,-41.5,0.));
#156 = CIRCLE('',#157,1.500000586493);
#157 = AXIS2_PLACEMENT_3D('',#158,#159,#160);
#158 = CARTESIAN_POINT('',(5.86493274557E-07,-39.9999994135,0.));
#159 = DIRECTION('',(0.,0.,-1.));
#160 = DIRECTION('',(-3.909953634938E-07,-1.,-0.));
#161 = ORIENTED_EDGE('',*,*,#162,.F.);
#162 = EDGE_CURVE('',#163,#154,#165,.T.);
#163 = VERTEX_POINT('',#164);
#164 = CARTESIAN_POINT('',(5.5,-41.5,0.));
#165 = LINE('',#166,#167);
#166 = CARTESIAN_POINT('',(5.5,-41.5,0.));
#167 = VECTOR('',#168,1.);
#168 = DIRECTION('',(-1.,0.,0.));
#169 = ORIENTED_EDGE('',*,*,#170,.F.);
#170 = EDGE_CURVE('',#171,#163,#173,.T.);
#171 = VERTEX_POINT('',#172);
#172 = CARTESIAN_POINT('',(7.,-40.,0.));
#173 = LINE('',#174,#175);
#174 = CARTESIAN_POINT('',(7.,-40.,0.));
#175 = VECTOR('',#176,1.);
#176 = DIRECTION('',(-0.707106781187,-0.707106781187,0.));
#177 = ORIENTED_EDGE('',*,*,#178,.F.);
#178 = EDGE_CURVE('',#179,#171,#181,.T.);
#179 = VERTEX_POINT('',#180);
#180 = CARTESIAN_POINT('',(13.,-40.,0.));
#181 = LINE('',#182,#183);
#182 = CARTESIAN_POINT('',(13.,-40.,0.));
#183 = VECTOR('',#184,1.);
#184 = DIRECTION('',(-1.,0.,0.));
#185 = ORIENTED_EDGE('',*,*,#186,.F.);
#186 = EDGE_CURVE('',#187,#179,#189,.T.);
#187 = VERTEX_POINT('',#188);
#188 = CARTESIAN_POINT('',(14.5,-41.5,0.));
#189 = LINE('',#190,#191);
#190 = CARTESIAN_POINT('',(14.5,-41.5,0.));
#191 = VECTOR('',#192,1.);
#192 = DIRECTION('',(-0.707106781187,0.707106781187,0.));
#193 = ORIENTED_EDGE('',*,*,#194,.F.);
#194 = EDGE_CURVE('',#195,#187,#197,.T.);
#195 = VERTEX_POINT('',#196);
#196 = CARTESIAN_POINT('',(54.,-41.5,0.));
#197 = LINE('',#198,#199);
#198 = CARTESIAN_POINT('',(54.,-41.5,0.));
#199 = VECTOR('',#200,1.);
#200 = DIRECTION('',(-1.,0.,0.));
#201 = ORIENTED_EDGE('',*,*,#202,.F.);
#202 = EDGE_CURVE('',#203,#195,#205,.T.);
#203 = VERTEX_POINT('',#204);
#204 = CARTESIAN_POINT('',(55.5,-40.,0.));
#205 = CIRCLE('',#206,1.500000586493);
#206 = AXIS2_PLACEMENT_3D('',#207,#208,#209);
#207 = CARTESIAN_POINT('',(53.999999413507,-39.9999994135,0.));
#208 = DIRECTION('',(0.,0.,-1.));
#209 = DIRECTION('',(1.,-3.909953663434E-07,0.));
#210 = ORIENTED_EDGE('',*,*,#211,.F.);
#211 = EDGE_CURVE('',#122,#203,#212,.T.);
#212 = LINE('',#213,#214);
#213 = CARTESIAN_POINT('',(55.5,33.5,0.));
#214 = VECTOR('',#215,1.);
#215 = DIRECTION('',(0.,-1.,0.));
#216 = ORIENTED_EDGE('',*,*,#129,.F.);
#217 = FACE_BOUND('',#218,.F.);
#218 = EDGE_LOOP('',(#219));
#219 = ORIENTED_EDGE('',*,*,#220,.T.);
#220 = EDGE_CURVE('',#221,#221,#223,.T.);
#221 = VERTEX_POINT('',#222);
#222 = CARTESIAN_POINT('',(8.5,-38.78,0.));
#223 = CIRCLE('',#224,0.45);
#224 = AXIS2_PLACEMENT_3D('',#225,#226,#227);
#225 = CARTESIAN_POINT('',(8.5,-38.33,0.));
#226 = DIRECTION('',(-0.,0.,-1.));
#227 = DIRECTION('',(-0.,-1.,0.));
#228 = FACE_BOUND('',#229,.F.);
#229 = EDGE_LOOP('',(#230));
#230 = ORIENTED_EDGE('',*,*,#231,.F.);
#231 = EDGE_CURVE('',#232,#232,#234,.T.);
#232 = VERTEX_POINT('',#233);
#233 = CARTESIAN_POINT('',(11.5,-30.3,0.));
#234 = CIRCLE('',#235,1.5);
#235 = AXIS2_PLACEMENT_3D('',#236,#237,#238);
#236 = CARTESIAN_POINT('',(10.,-30.3,0.));
#237 = DIRECTION('',(0.,0.,1.));
#238 = DIRECTION('',(1.,0.,-0.));
#239 = FACE_BOUND('',#240,.F.);
#240 = EDGE_LOOP('',(#241));
#241 = ORIENTED_EDGE('',*,*,#242,.T.);
#242 = EDGE_CURVE('',#243,#243,#245,.T.);
#243 = VERTEX_POINT('',#244);
#244 = CARTESIAN_POINT('',(11.5,-38.78,0.));
#245 = CIRCLE('',#246,0.45);
#246 = AXIS2_PLACEMENT_3D('',#247,#248,#249);
#247 = CARTESIAN_POINT('',(11.5,-38.33,0.));
#248 = DIRECTION('',(-0.,0.,-1.));
#249 = DIRECTION('',(-0.,-1.,0.));
#250 = FACE_BOUND('',#251,.F.);
#251 = EDGE_LOOP('',(#252));
#252 = ORIENTED_EDGE('',*,*,#253,.T.);
#253 = EDGE_CURVE('',#254,#254,#256,.T.);
#254 = VERTEX_POINT('',#255);
#255 = CARTESIAN_POINT('',(15.3,-32.6,0.));
#256 = CIRCLE('',#257,1.1);
#257 = AXIS2_PLACEMENT_3D('',#258,#259,#260);
#258 = CARTESIAN_POINT('',(15.3,-31.5,0.));
#259 = DIRECTION('',(-0.,0.,-1.));
#260 = DIRECTION('',(1.614869854E-15,-1.,-0.));
#261 = FACE_BOUND('',#262,.F.);
#262 = EDGE_LOOP('',(#263));
#263 = ORIENTED_EDGE('',*,*,#264,.F.);
#264 = EDGE_CURVE('',#265,#265,#267,.T.);
#265 = VERTEX_POINT('',#266);
#266 = CARTESIAN_POINT('',(11.5,-9.7,0.));
#267 = CIRCLE('',#268,1.5);
#268 = AXIS2_PLACEMENT_3D('',#269,#270,#271);
#269 = CARTESIAN_POINT('',(10.,-9.7,0.));
#270 = DIRECTION('',(0.,0.,1.));
#271 = DIRECTION('',(1.,0.,-0.));
#272 = FACE_BOUND('',#273,.F.);
#273 = EDGE_LOOP('',(#274));
#274 = ORIENTED_EDGE('',*,*,#275,.T.);
#275 = EDGE_CURVE('',#276,#276,#278,.T.);
#276 = VERTEX_POINT('',#277);
#277 = CARTESIAN_POINT('',(9.,-2.79,0.));
#278 = CIRCLE('',#279,0.5);
#279 = AXIS2_PLACEMENT_3D('',#280,#281,#282);
#280 = CARTESIAN_POINT('',(9.,-2.29,0.));
#281 = DIRECTION('',(-0.,0.,-1.));
#282 = DIRECTION('',(-0.,-1.,0.));
#283 = FACE_BOUND('',#284,.F.);
#284 = EDGE_LOOP('',(#285));
#285 = ORIENTED_EDGE('',*,*,#286,.T.);
#286 = EDGE_CURVE('',#287,#287,#289,.T.);
#287 = VERTEX_POINT('',#288);
#288 = CARTESIAN_POINT('',(9.,-0.25,0.));
#289 = CIRCLE('',#290,0.5);
#290 = AXIS2_PLACEMENT_3D('',#291,#292,#293);
#291 = CARTESIAN_POINT('',(9.,0.25,0.));
#292 = DIRECTION('',(-0.,0.,-1.));
#293 = DIRECTION('',(-0.,-1.,0.));
#294 = FACE_BOUND('',#295,.F.);
#295 = EDGE_LOOP('',(#296));
#296 = ORIENTED_EDGE('',*,*,#297,.T.);
#297 = EDGE_CURVE('',#298,#298,#300,.T.);
#298 = VERTEX_POINT('',#299);
#299 = CARTESIAN_POINT('',(15.3,-8.6,0.));
#300 = CIRCLE('',#301,1.1);
#301 = AXIS2_PLACEMENT_3D('',#302,#303,#304);
#302 = CARTESIAN_POINT('',(15.3,-7.5,0.));
#303 = DIRECTION('',(-0.,0.,-1.));
#304 = DIRECTION('',(1.614869854E-15,-1.,-0.));
#305 = FACE_BOUND('',#306,.F.);
#306 = EDGE_LOOP('',(#307));
#307 = ORIENTED_EDGE('',*,*,#308,.T.);
#308 = EDGE_CURVE('',#309,#309,#311,.T.);
#309 = VERTEX_POINT('',#310);
#310 = CARTESIAN_POINT('',(23.19,-7.569,0.));
#311 = CIRCLE('',#312,0.5);
#312 = AXIS2_PLACEMENT_3D('',#313,#314,#315);
#313 = CARTESIAN_POINT('',(23.19,-7.069,0.));
#314 = DIRECTION('',(-0.,0.,-1.));
#315 = DIRECTION('',(-0.,-1.,0.));
#316 = FACE_BOUND('',#317,.F.);
#317 = EDGE_LOOP('',(#318));
#318 = ORIENTED_EDGE('',*,*,#319,.T.);
#319 = EDGE_CURVE('',#320,#320,#322,.T.);
#320 = VERTEX_POINT('',#321);
#321 = CARTESIAN_POINT('',(25.73,-7.569,0.));
#322 = CIRCLE('',#323,0.5);
#323 = AXIS2_PLACEMENT_3D('',#324,#325,#326);
#324 = CARTESIAN_POINT('',(25.73,-7.069,0.));
#325 = DIRECTION('',(-0.,0.,-1.));
#326 = DIRECTION('',(-0.,-1.,0.));
#327 = FACE_BOUND('',#328,.F.);
#328 = EDGE_LOOP('',(#329));
#329 = ORIENTED_EDGE('',*,*,#330,.T.);
#330 = EDGE_CURVE('',#331,#331,#333,.T.);
#331 = VERTEX_POINT('',#332);
#332 = CARTESIAN_POINT('',(14.3,0.455,0.));
#333 = CIRCLE('',#334,0.5);
#334 = AXIS2_PLACEMENT_3D('',#335,#336,#337);
#335 = CARTESIAN_POINT('',(14.3,0.955,0.));
#336 = DIRECTION('',(-0.,0.,-1.));
#337 = DIRECTION('',(-0.,-1.,0.));
#338 = FACE_BOUND('',#339,.F.);
#339 = EDGE_LOOP('',(#340));
#340 = ORIENTED_EDGE('',*,*,#341,.T.);
#341 = EDGE_CURVE('',#342,#342,#344,.T.);
#342 = VERTEX_POINT('',#343);
#343 = CARTESIAN_POINT('',(18.5,-2.4,0.));
#344 = CIRCLE('',#345,0.4);
#345 = AXIS2_PLACEMENT_3D('',#346,#347,#348);
#346 = CARTESIAN_POINT('',(18.5,-2.,0.));
#347 = DIRECTION('',(-0.,0.,-1.));
#348 = DIRECTION('',(-0.,-1.,0.));
#349 = FACE_BOUND('',#350,.F.);
#350 = EDGE_LOOP('',(#351));
#351 = ORIENTED_EDGE('',*,*,#352,.T.);
#352 = EDGE_CURVE('',#353,#353,#355,.T.);
#353 = VERTEX_POINT('',#354);
#354 = CARTESIAN_POINT('',(14.3,2.995,0.));
#355 = CIRCLE('',#356,0.5);
#356 = AXIS2_PLACEMENT_3D('',#357,#358,#359);
#357 = CARTESIAN_POINT('',(14.3,3.495,0.));
#358 = DIRECTION('',(-0.,0.,-1.));
#359 = DIRECTION('',(-0.,-1.,0.));
#360 = FACE_BOUND('',#361,.F.);
#361 = EDGE_LOOP('',(#362));
#362 = ORIENTED_EDGE('',*,*,#363,.T.);
#363 = EDGE_CURVE('',#364,#364,#366,.T.);
#364 = VERTEX_POINT('',#365);
#365 = CARTESIAN_POINT('',(14.3,5.535,0.));
#366 = CIRCLE('',#367,0.5);
#367 = AXIS2_PLACEMENT_3D('',#368,#369,#370);
#368 = CARTESIAN_POINT('',(14.3,6.035,0.));
#369 = DIRECTION('',(-0.,0.,-1.));
#370 = DIRECTION('',(-0.,-1.,0.));
#371 = FACE_BOUND('',#372,.F.);
#372 = EDGE_LOOP('',(#373));
#373 = ORIENTED_EDGE('',*,*,#374,.T.);
#374 = EDGE_CURVE('',#375,#375,#377,.T.);
#375 = VERTEX_POINT('',#376);
#376 = CARTESIAN_POINT('',(18.1016,2.0334,0.));
#377 = CIRCLE('',#378,0.5);
#378 = AXIS2_PLACEMENT_3D('',#379,#380,#381);
#379 = CARTESIAN_POINT('',(18.1016,2.5334,0.));
#380 = DIRECTION('',(-0.,0.,-1.));
#381 = DIRECTION('',(-0.,-1.,0.));
#382 = FACE_BOUND('',#383,.F.);
#383 = EDGE_LOOP('',(#384));
#384 = ORIENTED_EDGE('',*,*,#385,.T.);
#385 = EDGE_CURVE('',#386,#386,#388,.T.);
#386 = VERTEX_POINT('',#387);
#387 = CARTESIAN_POINT('',(20.5,-2.4,0.));
#388 = CIRCLE('',#389,0.4);
#389 = AXIS2_PLACEMENT_3D('',#390,#391,#392);
#390 = CARTESIAN_POINT('',(20.5,-2.,0.));
#391 = DIRECTION('',(-0.,0.,-1.));
#392 = DIRECTION('',(-0.,-1.,0.));
#393 = FACE_BOUND('',#394,.F.);
#394 = EDGE_LOOP('',(#395));
#395 = ORIENTED_EDGE('',*,*,#396,.T.);
#396 = EDGE_CURVE('',#397,#397,#399,.T.);
#397 = VERTEX_POINT('',#398);
#398 = CARTESIAN_POINT('',(26.,-2.4,0.));
#399 = CIRCLE('',#400,0.4);
#400 = AXIS2_PLACEMENT_3D('',#401,#402,#403);
#401 = CARTESIAN_POINT('',(26.,-2.,0.));
#402 = DIRECTION('',(-0.,0.,-1.));
#403 = DIRECTION('',(-0.,-1.,0.));
#404 = FACE_BOUND('',#405,.F.);
#405 = EDGE_LOOP('',(#406));
#406 = ORIENTED_EDGE('',*,*,#407,.T.);
#407 = EDGE_CURVE('',#408,#408,#410,.T.);
#408 = VERTEX_POINT('',#409);
#409 = CARTESIAN_POINT('',(20.6416,2.0334,0.));
#410 = CIRCLE('',#411,0.5);
#411 = AXIS2_PLACEMENT_3D('',#412,#413,#414);
#412 = CARTESIAN_POINT('',(20.6416,2.5334,0.));
#413 = DIRECTION('',(-0.,0.,-1.));
#414 = DIRECTION('',(-0.,-1.,0.));
#415 = FACE_BOUND('',#416,.F.);
#416 = EDGE_LOOP('',(#417));
#417 = ORIENTED_EDGE('',*,*,#418,.T.);
#418 = EDGE_CURVE('',#419,#419,#421,.T.);
#419 = VERTEX_POINT('',#420);
#420 = CARTESIAN_POINT('',(23.1816,2.0334,0.));
#421 = CIRCLE('',#422,0.5);
#422 = AXIS2_PLACEMENT_3D('',#423,#424,#425);
#423 = CARTESIAN_POINT('',(23.1816,2.5334,0.));
#424 = DIRECTION('',(-0.,0.,-1.));
#425 = DIRECTION('',(-0.,-1.,0.));
#426 = FACE_BOUND('',#427,.F.);
#427 = EDGE_LOOP('',(#428));
#428 = ORIENTED_EDGE('',*,*,#429,.T.);
#429 = EDGE_CURVE('',#430,#430,#432,.T.);
#430 = VERTEX_POINT('',#431);
#431 = CARTESIAN_POINT('',(25.7216,2.0334,0.));
#432 = CIRCLE('',#433,0.5);
#433 = AXIS2_PLACEMENT_3D('',#434,#435,#436);
#434 = CARTESIAN_POINT('',(25.7216,2.5334,0.));
#435 = DIRECTION('',(-0.,0.,-1.));
#436 = DIRECTION('',(-0.,-1.,0.));
#437 = FACE_BOUND('',#438,.F.);
#438 = EDGE_LOOP('',(#439,#449,#457,#465));
#439 = ORIENTED_EDGE('',*,*,#440,.F.);
#440 = EDGE_CURVE('',#441,#443,#445,.T.);
#441 = VERTEX_POINT('',#442);
#442 = CARTESIAN_POINT('',(17.5,-33.5,0.));
#443 = VERTEX_POINT('',#444);
#444 = CARTESIAN_POINT('',(36.5,-33.5,0.));
#445 = LINE('',#446,#447);
#446 = CARTESIAN_POINT('',(17.5,-33.5,0.));
#447 = VECTOR('',#448,1.);
#448 = DIRECTION('',(1.,0.,0.));
#449 = ORIENTED_EDGE('',*,*,#450,.F.);
#450 = EDGE_CURVE('',#451,#441,#453,.T.);
#451 = VERTEX_POINT('',#452);
#452 = CARTESIAN_POINT('',(17.5,-31.5,0.));
#453 = LINE('',#454,#455);
#454 = CARTESIAN_POINT('',(17.5,-31.5,0.));
#455 = VECTOR('',#456,1.);
#456 = DIRECTION('',(0.,-1.,0.));
#457 = ORIENTED_EDGE('',*,*,#458,.F.);
#458 = EDGE_CURVE('',#459,#451,#461,.T.);
#459 = VERTEX_POINT('',#460);
#460 = CARTESIAN_POINT('',(36.5,-31.5,0.));
#461 = LINE('',#462,#463);
#462 = CARTESIAN_POINT('',(36.5,-31.5,0.));
#463 = VECTOR('',#464,1.);
#464 = DIRECTION('',(-1.,0.,0.));
#465 = ORIENTED_EDGE('',*,*,#466,.F.);
#466 = EDGE_CURVE('',#443,#459,#467,.T.);
#467 = LINE('',#468,#469);
#468 = CARTESIAN_POINT('',(36.5,-33.5,0.));
#469 = VECTOR('',#470,1.);
#470 = DIRECTION('',(0.,1.,0.));
#471 = FACE_BOUND('',#472,.F.);
#472 = EDGE_LOOP('',(#473));
#473 = ORIENTED_EDGE('',*,*,#474,.T.);
#474 = EDGE_CURVE('',#475,#475,#477,.T.);
#475 = VERTEX_POINT('',#476);
#476 = CARTESIAN_POINT('',(38.7,-32.6,0.));
#477 = CIRCLE('',#478,1.1);
#478 = AXIS2_PLACEMENT_3D('',#479,#480,#481);
#479 = CARTESIAN_POINT('',(38.7,-31.5,0.));
#480 = DIRECTION('',(-0.,0.,-1.));
#481 = DIRECTION('',(-0.,-1.,0.));
#482 = FACE_BOUND('',#483,.F.);
#483 = EDGE_LOOP('',(#484));
#484 = ORIENTED_EDGE('',*,*,#485,.F.);
#485 = EDGE_CURVE('',#486,#486,#488,.T.);
#486 = VERTEX_POINT('',#487);
#487 = CARTESIAN_POINT('',(45.5,-30.3,0.));
#488 = CIRCLE('',#489,1.5);
#489 = AXIS2_PLACEMENT_3D('',#490,#491,#492);
#490 = CARTESIAN_POINT('',(44.,-30.3,0.));
#491 = DIRECTION('',(0.,0.,1.));
#492 = DIRECTION('',(1.,0.,-0.));
#493 = FACE_BOUND('',#494,.F.);
#494 = EDGE_LOOP('',(#495));
#495 = ORIENTED_EDGE('',*,*,#496,.T.);
#496 = EDGE_CURVE('',#497,#497,#499,.T.);
#497 = VERTEX_POINT('',#498);
#498 = CARTESIAN_POINT('',(28.27,-7.569,0.));
#499 = CIRCLE('',#500,0.5);
#500 = AXIS2_PLACEMENT_3D('',#501,#502,#503);
#501 = CARTESIAN_POINT('',(28.27,-7.069,0.));
#502 = DIRECTION('',(-0.,0.,-1.));
#503 = DIRECTION('',(-0.,-1.,0.));
#504 = FACE_BOUND('',#505,.F.);
#505 = EDGE_LOOP('',(#506));
#506 = ORIENTED_EDGE('',*,*,#507,.T.);
#507 = EDGE_CURVE('',#508,#508,#510,.T.);
#508 = VERTEX_POINT('',#509);
#509 = CARTESIAN_POINT('',(30.81,-7.569,0.));
#510 = CIRCLE('',#511,0.5);
#511 = AXIS2_PLACEMENT_3D('',#512,#513,#514);
#512 = CARTESIAN_POINT('',(30.81,-7.069,0.));
#513 = DIRECTION('',(-0.,0.,-1.));
#514 = DIRECTION('',(-0.,-1.,0.));
#515 = FACE_BOUND('',#516,.F.);
#516 = EDGE_LOOP('',(#517));
#517 = ORIENTED_EDGE('',*,*,#518,.T.);
#518 = EDGE_CURVE('',#519,#519,#521,.T.);
#519 = VERTEX_POINT('',#520);
#520 = CARTESIAN_POINT('',(38.7,-8.6,0.));
#521 = CIRCLE('',#522,1.1);
#522 = AXIS2_PLACEMENT_3D('',#523,#524,#525);
#523 = CARTESIAN_POINT('',(38.7,-7.5,0.));
#524 = DIRECTION('',(-0.,0.,-1.));
#525 = DIRECTION('',(-0.,-1.,0.));
#526 = FACE_BOUND('',#527,.F.);
#527 = EDGE_LOOP('',(#528));
#528 = ORIENTED_EDGE('',*,*,#529,.T.);
#529 = EDGE_CURVE('',#530,#530,#532,.T.);
#530 = VERTEX_POINT('',#531);
#531 = CARTESIAN_POINT('',(28.,-2.4,0.));
#532 = CIRCLE('',#533,0.4);
#533 = AXIS2_PLACEMENT_3D('',#534,#535,#536);
#534 = CARTESIAN_POINT('',(28.,-2.,0.));
#535 = DIRECTION('',(-0.,0.,-1.));
#536 = DIRECTION('',(-0.,-1.,0.));
#537 = FACE_BOUND('',#538,.F.);
#538 = EDGE_LOOP('',(#539));
#539 = ORIENTED_EDGE('',*,*,#540,.T.);
#540 = EDGE_CURVE('',#541,#541,#543,.T.);
#541 = VERTEX_POINT('',#542);
#542 = CARTESIAN_POINT('',(33.5,-2.4,0.));
#543 = CIRCLE('',#544,0.4);
#544 = AXIS2_PLACEMENT_3D('',#545,#546,#547);
#545 = CARTESIAN_POINT('',(33.5,-2.,0.));
#546 = DIRECTION('',(-0.,0.,-1.));
#547 = DIRECTION('',(-0.,-1.,0.));
#548 = FACE_BOUND('',#549,.F.);
#549 = EDGE_LOOP('',(#550));
#550 = ORIENTED_EDGE('',*,*,#551,.T.);
#551 = EDGE_CURVE('',#552,#552,#554,.T.);
#552 = VERTEX_POINT('',#553);
#553 = CARTESIAN_POINT('',(28.2616,2.0334,0.));
#554 = CIRCLE('',#555,0.5);
#555 = AXIS2_PLACEMENT_3D('',#556,#557,#558);
#556 = CARTESIAN_POINT('',(28.2616,2.5334,0.));
#557 = DIRECTION('',(-0.,0.,-1.));
#558 = DIRECTION('',(-0.,-1.,0.));
#559 = FACE_BOUND('',#560,.F.);
#560 = EDGE_LOOP('',(#561));
#561 = ORIENTED_EDGE('',*,*,#562,.T.);
#562 = EDGE_CURVE('',#563,#563,#565,.T.);
#563 = VERTEX_POINT('',#564);
#564 = CARTESIAN_POINT('',(30.8016,2.0334,0.));
#565 = CIRCLE('',#566,0.5);
#566 = AXIS2_PLACEMENT_3D('',#567,#568,#569);
#567 = CARTESIAN_POINT('',(30.8016,2.5334,0.));
#568 = DIRECTION('',(-0.,0.,-1.));
#569 = DIRECTION('',(-0.,-1.,0.));
#570 = FACE_BOUND('',#571,.F.);
#571 = EDGE_LOOP('',(#572));
#572 = ORIENTED_EDGE('',*,*,#573,.T.);
#573 = EDGE_CURVE('',#574,#574,#576,.T.);
#574 = VERTEX_POINT('',#575);
#575 = CARTESIAN_POINT('',(33.3416,2.0334,0.));
#576 = CIRCLE('',#577,0.5);
#577 = AXIS2_PLACEMENT_3D('',#578,#579,#580);
#578 = CARTESIAN_POINT('',(33.3416,2.5334,0.));
#579 = DIRECTION('',(-0.,0.,-1.));
#580 = DIRECTION('',(-0.,-1.,0.));
#581 = FACE_BOUND('',#582,.F.);
#582 = EDGE_LOOP('',(#583));
#583 = ORIENTED_EDGE('',*,*,#584,.T.);
#584 = EDGE_CURVE('',#585,#585,#587,.T.);
#585 = VERTEX_POINT('',#586);
#586 = CARTESIAN_POINT('',(35.5,-2.4,0.));
#587 = CIRCLE('',#588,0.4);
#588 = AXIS2_PLACEMENT_3D('',#589,#590,#591);
#589 = CARTESIAN_POINT('',(35.5,-2.,0.));
#590 = DIRECTION('',(-0.,0.,-1.));
#591 = DIRECTION('',(-0.,-1.,0.));
#592 = FACE_BOUND('',#593,.F.);
#593 = EDGE_LOOP('',(#594));
#594 = ORIENTED_EDGE('',*,*,#595,.T.);
#595 = EDGE_CURVE('',#596,#596,#598,.T.);
#596 = VERTEX_POINT('',#597);
#597 = CARTESIAN_POINT('',(39.7,0.455,0.));
#598 = CIRCLE('',#599,0.5);
#599 = AXIS2_PLACEMENT_3D('',#600,#601,#602);
#600 = CARTESIAN_POINT('',(39.7,0.955,0.));
#601 = DIRECTION('',(-0.,0.,-1.));
#602 = DIRECTION('',(-0.,-1.,0.));
#603 = FACE_BOUND('',#604,.F.);
#604 = EDGE_LOOP('',(#605));
#605 = ORIENTED_EDGE('',*,*,#606,.T.);
#606 = EDGE_CURVE('',#607,#607,#609,.T.);
#607 = VERTEX_POINT('',#608);
#608 = CARTESIAN_POINT('',(35.8816,2.0334,0.));
#609 = CIRCLE('',#610,0.5);
#610 = AXIS2_PLACEMENT_3D('',#611,#612,#613);
#611 = CARTESIAN_POINT('',(35.8816,2.5334,0.));
#612 = DIRECTION('',(-0.,0.,-1.));
#613 = DIRECTION('',(-0.,-1.,0.));
#614 = FACE_BOUND('',#615,.F.);
#615 = EDGE_LOOP('',(#616));
#616 = ORIENTED_EDGE('',*,*,#617,.T.);
#617 = EDGE_CURVE('',#618,#618,#620,.T.);
#618 = VERTEX_POINT('',#619);
#619 = CARTESIAN_POINT('',(39.7,2.995,0.));
#620 = CIRCLE('',#621,0.5);
#621 = AXIS2_PLACEMENT_3D('',#622,#623,#624);
#622 = CARTESIAN_POINT('',(39.7,3.495,0.));
#623 = DIRECTION('',(-0.,0.,-1.));
#624 = DIRECTION('',(-0.,-1.,0.));
#625 = FACE_BOUND('',#626,.F.);
#626 = EDGE_LOOP('',(#627));
#627 = ORIENTED_EDGE('',*,*,#628,.T.);
#628 = EDGE_CURVE('',#629,#629,#631,.T.);
#629 = VERTEX_POINT('',#630);
#630 = CARTESIAN_POINT('',(39.7,5.535,0.));
#631 = CIRCLE('',#632,0.5);
#632 = AXIS2_PLACEMENT_3D('',#633,#634,#635);
#633 = CARTESIAN_POINT('',(39.7,6.035,0.));
#634 = DIRECTION('',(-0.,0.,-1.));
#635 = DIRECTION('',(-0.,-1.,0.));
#636 = FACE_BOUND('',#637,.F.);
#637 = EDGE_LOOP('',(#638));
#638 = ORIENTED_EDGE('',*,*,#639,.F.);
#639 = EDGE_CURVE('',#640,#640,#642,.T.);
#640 = VERTEX_POINT('',#641);
#641 = CARTESIAN_POINT('',(45.5,-9.7,0.));
#642 = CIRCLE('',#643,1.5);
#643 = AXIS2_PLACEMENT_3D('',#644,#645,#646);
#644 = CARTESIAN_POINT('',(44.,-9.7,0.));
#645 = DIRECTION('',(0.,0.,1.));
#646 = DIRECTION('',(1.,0.,-0.));
#647 = FACE_BOUND('',#648,.F.);
#648 = EDGE_LOOP('',(#649));
#649 = ORIENTED_EDGE('',*,*,#650,.T.);
#650 = EDGE_CURVE('',#651,#651,#653,.T.);
#651 = VERTEX_POINT('',#652);
#652 = CARTESIAN_POINT('',(45.,-2.75,0.));
#653 = CIRCLE('',#654,0.5);
#654 = AXIS2_PLACEMENT_3D('',#655,#656,#657);
#655 = CARTESIAN_POINT('',(45.,-2.25,0.));
#656 = DIRECTION('',(-0.,0.,-1.));
#657 = DIRECTION('',(-0.,-1.,0.));
#658 = FACE_BOUND('',#659,.F.);
#659 = EDGE_LOOP('',(#660));
#660 = ORIENTED_EDGE('',*,*,#661,.T.);
#661 = EDGE_CURVE('',#662,#662,#664,.T.);
#662 = VERTEX_POINT('',#663);
#663 = CARTESIAN_POINT('',(45.,-0.21,0.));
#664 = CIRCLE('',#665,0.5);
#665 = AXIS2_PLACEMENT_3D('',#666,#667,#668);
#666 = CARTESIAN_POINT('',(45.,0.29,0.));
#667 = DIRECTION('',(-0.,0.,-1.));
#668 = DIRECTION('',(-0.,-1.,0.));
#669 = FACE_BOUND('',#670,.F.);
#670 = EDGE_LOOP('',(#671));
#671 = ORIENTED_EDGE('',*,*,#672,.F.);
#672 = EDGE_CURVE('',#673,#673,#675,.T.);
#673 = VERTEX_POINT('',#674);
#674 = CARTESIAN_POINT('',(3.,30.5,0.));
#675 = CIRCLE('',#676,1.5);
#676 = AXIS2_PLACEMENT_3D('',#677,#678,#679);
#677 = CARTESIAN_POINT('',(1.5,30.5,0.));
#678 = DIRECTION('',(0.,0.,1.));
#679 = DIRECTION('',(1.,0.,-0.));
#680 = FACE_BOUND('',#681,.F.);
#681 = EDGE_LOOP('',(#682));
#682 = ORIENTED_EDGE('',*,*,#683,.T.);
#683 = EDGE_CURVE('',#684,#684,#686,.T.);
#684 = VERTEX_POINT('',#685);
#685 = CARTESIAN_POINT('',(14.3,8.075,0.));
#686 = CIRCLE('',#687,0.5);
#687 = AXIS2_PLACEMENT_3D('',#688,#689,#690);
#688 = CARTESIAN_POINT('',(14.3,8.575,0.));
#689 = DIRECTION('',(-0.,0.,-1.));
#690 = DIRECTION('',(-0.,-1.,0.));
#691 = FACE_BOUND('',#692,.F.);
#692 = EDGE_LOOP('',(#693));
#693 = ORIENTED_EDGE('',*,*,#694,.T.);
#694 = EDGE_CURVE('',#695,#695,#697,.T.);
#695 = VERTEX_POINT('',#696);
#696 = CARTESIAN_POINT('',(14.3,10.615,0.));
#697 = CIRCLE('',#698,0.5);
#698 = AXIS2_PLACEMENT_3D('',#699,#700,#701);
#699 = CARTESIAN_POINT('',(14.3,11.115,0.));
#700 = DIRECTION('',(-0.,0.,-1.));
#701 = DIRECTION('',(-0.,-1.,0.));
#702 = FACE_BOUND('',#703,.F.);
#703 = EDGE_LOOP('',(#704));
#704 = ORIENTED_EDGE('',*,*,#705,.T.);
#705 = EDGE_CURVE('',#706,#706,#708,.T.);
#706 = VERTEX_POINT('',#707);
#707 = CARTESIAN_POINT('',(14.3,13.155,0.));
#708 = CIRCLE('',#709,0.5);
#709 = AXIS2_PLACEMENT_3D('',#710,#711,#712);
#710 = CARTESIAN_POINT('',(14.3,13.655,0.));
#711 = DIRECTION('',(-0.,0.,-1.));
#712 = DIRECTION('',(-0.,-1.,0.));
#713 = FACE_BOUND('',#714,.F.);
#714 = EDGE_LOOP('',(#715));
#715 = ORIENTED_EDGE('',*,*,#716,.T.);
#716 = EDGE_CURVE('',#717,#717,#719,.T.);
#717 = VERTEX_POINT('',#718);
#718 = CARTESIAN_POINT('',(14.3,15.695,0.));
#719 = CIRCLE('',#720,0.5);
#720 = AXIS2_PLACEMENT_3D('',#721,#722,#723);
#721 = CARTESIAN_POINT('',(14.3,16.195,0.));
#722 = DIRECTION('',(-0.,0.,-1.));
#723 = DIRECTION('',(-0.,-1.,0.));
#724 = FACE_BOUND('',#725,.F.);
#725 = EDGE_LOOP('',(#726));
#726 = ORIENTED_EDGE('',*,*,#727,.T.);
#727 = EDGE_CURVE('',#728,#728,#730,.T.);
#728 = VERTEX_POINT('',#729);
#729 = CARTESIAN_POINT('',(14.3,18.235,0.));
#730 = CIRCLE('',#731,0.5);
#731 = AXIS2_PLACEMENT_3D('',#732,#733,#734);
#732 = CARTESIAN_POINT('',(14.3,18.735,0.));
#733 = DIRECTION('',(-0.,0.,-1.));
#734 = DIRECTION('',(-0.,-1.,0.));
#735 = FACE_BOUND('',#736,.F.);
#736 = EDGE_LOOP('',(#737));
#737 = ORIENTED_EDGE('',*,*,#738,.T.);
#738 = EDGE_CURVE('',#739,#739,#741,.T.);
#739 = VERTEX_POINT('',#740);
#740 = CARTESIAN_POINT('',(19.38,12.48,0.));
#741 = CIRCLE('',#742,1.6);
#742 = AXIS2_PLACEMENT_3D('',#743,#744,#745);
#743 = CARTESIAN_POINT('',(19.38,14.08,0.));
#744 = DIRECTION('',(-0.,0.,-1.));
#745 = DIRECTION('',(-2.22044604925E-15,-1.,0.));
#746 = FACE_BOUND('',#747,.F.);
#747 = EDGE_LOOP('',(#748));
#748 = ORIENTED_EDGE('',*,*,#749,.T.);
#749 = EDGE_CURVE('',#750,#750,#752,.T.);
#750 = VERTEX_POINT('',#751);
#751 = CARTESIAN_POINT('',(14.3,20.775,0.));
#752 = CIRCLE('',#753,0.5);
#753 = AXIS2_PLACEMENT_3D('',#754,#755,#756);
#754 = CARTESIAN_POINT('',(14.3,21.275,0.));
#755 = DIRECTION('',(-0.,0.,-1.));
#756 = DIRECTION('',(-0.,-1.,0.));
#757 = FACE_BOUND('',#758,.F.);
#758 = EDGE_LOOP('',(#759));
#759 = ORIENTED_EDGE('',*,*,#760,.T.);
#760 = EDGE_CURVE('',#761,#761,#763,.T.);
#761 = VERTEX_POINT('',#762);
#762 = CARTESIAN_POINT('',(14.3,23.315,0.));
#763 = CIRCLE('',#764,0.5);
#764 = AXIS2_PLACEMENT_3D('',#765,#766,#767);
#765 = CARTESIAN_POINT('',(14.3,23.815,0.));
#766 = DIRECTION('',(-0.,0.,-1.));
#767 = DIRECTION('',(-0.,-1.,0.));
#768 = FACE_BOUND('',#769,.F.);
#769 = EDGE_LOOP('',(#770));
#770 = ORIENTED_EDGE('',*,*,#771,.T.);
#771 = EDGE_CURVE('',#772,#772,#774,.T.);
#772 = VERTEX_POINT('',#773);
#773 = CARTESIAN_POINT('',(18.11,19.38,0.));
#774 = CIRCLE('',#775,0.5);
#775 = AXIS2_PLACEMENT_3D('',#776,#777,#778);
#776 = CARTESIAN_POINT('',(18.11,19.88,0.));
#777 = DIRECTION('',(-0.,0.,-1.));
#778 = DIRECTION('',(-0.,-1.,0.));
#779 = FACE_BOUND('',#780,.F.);
#780 = EDGE_LOOP('',(#781));
#781 = ORIENTED_EDGE('',*,*,#782,.T.);
#782 = EDGE_CURVE('',#783,#783,#785,.T.);
#783 = VERTEX_POINT('',#784);
#784 = CARTESIAN_POINT('',(14.3,25.855,0.));
#785 = CIRCLE('',#786,0.5);
#786 = AXIS2_PLACEMENT_3D('',#787,#788,#789);
#787 = CARTESIAN_POINT('',(14.3,26.355,0.));
#788 = DIRECTION('',(-0.,0.,-1.));
#789 = DIRECTION('',(-0.,-1.,0.));
#790 = FACE_BOUND('',#791,.F.);
#791 = EDGE_LOOP('',(#792));
#792 = ORIENTED_EDGE('',*,*,#793,.T.);
#793 = EDGE_CURVE('',#794,#794,#796,.T.);
#794 = VERTEX_POINT('',#795);
#795 = CARTESIAN_POINT('',(14.3,28.395,0.));
#796 = CIRCLE('',#797,0.5);
#797 = AXIS2_PLACEMENT_3D('',#798,#799,#800);
#798 = CARTESIAN_POINT('',(14.3,28.895,0.));
#799 = DIRECTION('',(-0.,0.,-1.));
#800 = DIRECTION('',(-0.,-1.,0.));
#801 = FACE_BOUND('',#802,.F.);
#802 = EDGE_LOOP('',(#803));
#803 = ORIENTED_EDGE('',*,*,#804,.T.);
#804 = EDGE_CURVE('',#805,#805,#807,.T.);
#805 = VERTEX_POINT('',#806);
#806 = CARTESIAN_POINT('',(20.65,19.38,0.));
#807 = CIRCLE('',#808,0.5);
#808 = AXIS2_PLACEMENT_3D('',#809,#810,#811);
#809 = CARTESIAN_POINT('',(20.65,19.88,0.));
#810 = DIRECTION('',(-0.,0.,-1.));
#811 = DIRECTION('',(-0.,-1.,0.));
#812 = FACE_BOUND('',#813,.F.);
#813 = EDGE_LOOP('',(#814));
#814 = ORIENTED_EDGE('',*,*,#815,.T.);
#815 = EDGE_CURVE('',#816,#816,#818,.T.);
#816 = VERTEX_POINT('',#817);
#817 = CARTESIAN_POINT('',(23.19,19.38,0.));
#818 = CIRCLE('',#819,0.5);
#819 = AXIS2_PLACEMENT_3D('',#820,#821,#822);
#820 = CARTESIAN_POINT('',(23.19,19.88,0.));
#821 = DIRECTION('',(-0.,0.,-1.));
#822 = DIRECTION('',(-0.,-1.,0.));
#823 = FACE_BOUND('',#824,.F.);
#824 = EDGE_LOOP('',(#825));
#825 = ORIENTED_EDGE('',*,*,#826,.T.);
#826 = EDGE_CURVE('',#827,#827,#829,.T.);
#827 = VERTEX_POINT('',#828);
#828 = CARTESIAN_POINT('',(25.73,19.38,0.));
#829 = CIRCLE('',#830,0.5);
#830 = AXIS2_PLACEMENT_3D('',#831,#832,#833);
#831 = CARTESIAN_POINT('',(25.73,19.88,0.));
#832 = DIRECTION('',(-0.,0.,-1.));
#833 = DIRECTION('',(-0.,-1.,0.));
#834 = FACE_BOUND('',#835,.F.);
#835 = EDGE_LOOP('',(#836));
#836 = ORIENTED_EDGE('',*,*,#837,.T.);
#837 = EDGE_CURVE('',#838,#838,#840,.T.);
#838 = VERTEX_POINT('',#839);
#839 = CARTESIAN_POINT('',(-5.,35.6,0.));
#840 = CIRCLE('',#841,0.4);
#841 = AXIS2_PLACEMENT_3D('',#842,#843,#844);
#842 = CARTESIAN_POINT('',(-5.,36.,0.));
#843 = DIRECTION('',(-0.,0.,-1.));
#844 = DIRECTION('',(-0.,-1.,0.));
#845 = FACE_BOUND('',#846,.F.);
#846 = EDGE_LOOP('',(#847));
#847 = ORIENTED_EDGE('',*,*,#848,.T.);
#848 = EDGE_CURVE('',#849,#849,#851,.T.);
#849 = VERTEX_POINT('',#850);
#850 = CARTESIAN_POINT('',(-3.,35.6,0.));
#851 = CIRCLE('',#852,0.4);
#852 = AXIS2_PLACEMENT_3D('',#853,#854,#855);
#853 = CARTESIAN_POINT('',(-3.,36.,0.));
#854 = DIRECTION('',(-0.,0.,-1.));
#855 = DIRECTION('',(-0.,-1.,0.));
#856 = FACE_BOUND('',#857,.F.);
#857 = EDGE_LOOP('',(#858));
#858 = ORIENTED_EDGE('',*,*,#859,.T.);
#859 = EDGE_CURVE('',#860,#860,#862,.T.);
#860 = VERTEX_POINT('',#861);
#861 = CARTESIAN_POINT('',(-1.,35.6,0.));
#862 = CIRCLE('',#863,0.4);
#863 = AXIS2_PLACEMENT_3D('',#864,#865,#866);
#864 = CARTESIAN_POINT('',(-1.,36.,0.));
#865 = DIRECTION('',(-0.,0.,-1.));
#866 = DIRECTION('',(-0.,-1.,0.));
#867 = FACE_BOUND('',#868,.F.);
#868 = EDGE_LOOP('',(#869));
#869 = ORIENTED_EDGE('',*,*,#870,.T.);
#870 = EDGE_CURVE('',#871,#871,#873,.T.);
#871 = VERTEX_POINT('',#872);
#872 = CARTESIAN_POINT('',(1.,35.6,0.));
#873 = CIRCLE('',#874,0.4);
#874 = AXIS2_PLACEMENT_3D('',#875,#876,#877);
#875 = CARTESIAN_POINT('',(1.,36.,0.));
#876 = DIRECTION('',(-0.,0.,-1.));
#877 = DIRECTION('',(-0.,-1.,0.));
#878 = FACE_BOUND('',#879,.F.);
#879 = EDGE_LOOP('',(#880));
#880 = ORIENTED_EDGE('',*,*,#881,.T.);
#881 = EDGE_CURVE('',#882,#882,#884,.T.);
#882 = VERTEX_POINT('',#883);
#883 = CARTESIAN_POINT('',(5.737635,34.464653,0.));
#884 = CIRCLE('',#885,0.45);
#885 = AXIS2_PLACEMENT_3D('',#886,#887,#888);
#886 = CARTESIAN_POINT('',(5.737635,34.914653,0.));
#887 = DIRECTION('',(-0.,0.,-1.));
#888 = DIRECTION('',(-0.,-1.,0.));
#889 = FACE_BOUND('',#890,.F.);
#890 = EDGE_LOOP('',(#891));
#891 = ORIENTED_EDGE('',*,*,#892,.T.);
#892 = EDGE_CURVE('',#893,#893,#895,.T.);
#893 = VERTEX_POINT('',#894);
#894 = CARTESIAN_POINT('',(5.543712,36.681185,0.));
#895 = CIRCLE('',#896,0.45);
#896 = AXIS2_PLACEMENT_3D('',#897,#898,#899);
#897 = CARTESIAN_POINT('',(5.543712,37.131185,0.));
#898 = DIRECTION('',(-0.,0.,-1.));
#899 = DIRECTION('',(-0.,-1.,0.));
#900 = FACE_BOUND('',#901,.F.);
#901 = EDGE_LOOP('',(#902));
#902 = ORIENTED_EDGE('',*,*,#903,.T.);
#903 = EDGE_CURVE('',#904,#904,#906,.T.);
#904 = VERTEX_POINT('',#905);
#905 = CARTESIAN_POINT('',(8.267968,34.686028,0.));
#906 = CIRCLE('',#907,0.45);
#907 = AXIS2_PLACEMENT_3D('',#908,#909,#910);
#908 = CARTESIAN_POINT('',(8.267968,35.136028,0.));
#909 = DIRECTION('',(-0.,0.,-1.));
#910 = DIRECTION('',(-0.,-1.,0.));
#911 = FACE_BOUND('',#912,.F.);
#912 = EDGE_LOOP('',(#913));
#913 = ORIENTED_EDGE('',*,*,#914,.T.);
#914 = EDGE_CURVE('',#915,#915,#917,.T.);
#915 = VERTEX_POINT('',#916);
#916 = CARTESIAN_POINT('',(4.873829,41.541678,0.));
#917 = CIRCLE('',#918,0.55);
#918 = AXIS2_PLACEMENT_3D('',#919,#920,#921);
#919 = CARTESIAN_POINT('',(4.873829,42.091678,0.));
#920 = DIRECTION('',(-0.,0.,-1.));
#921 = DIRECTION('',(-0.,-1.,0.));
#922 = FACE_BOUND('',#923,.F.);
#923 = EDGE_LOOP('',(#924));
#924 = ORIENTED_EDGE('',*,*,#925,.T.);
#925 = EDGE_CURVE('',#926,#926,#928,.T.);
#926 = VERTEX_POINT('',#927);
#927 = CARTESIAN_POINT('',(8.098952,36.90474,0.));
#928 = CIRCLE('',#929,0.45);
#929 = AXIS2_PLACEMENT_3D('',#930,#931,#932);
#930 = CARTESIAN_POINT('',(8.098952,37.35474,0.));
#931 = DIRECTION('',(-0.,0.,-1.));
#932 = DIRECTION('',(-0.,-1.,0.));
#933 = FACE_BOUND('',#934,.F.);
#934 = EDGE_LOOP('',(#935));
#935 = ORIENTED_EDGE('',*,*,#936,.T.);
#936 = EDGE_CURVE('',#937,#937,#939,.T.);
#937 = VERTEX_POINT('',#938);
#938 = CARTESIAN_POINT('',(7.862413,41.853145,0.));
#939 = CIRCLE('',#940,0.5);
#940 = AXIS2_PLACEMENT_3D('',#941,#942,#943);
#941 = CARTESIAN_POINT('',(7.862413,42.353145,0.));
#942 = DIRECTION('',(-0.,0.,-1.));
#943 = DIRECTION('',(-0.,-1.,0.));
#944 = FACE_BOUND('',#945,.F.);
#945 = EDGE_LOOP('',(#946));
#946 = ORIENTED_EDGE('',*,*,#947,.T.);
#947 = EDGE_CURVE('',#948,#948,#950,.T.);
#948 = VERTEX_POINT('',#949);
#949 = CARTESIAN_POINT('',(14.3,30.935,0.));
#950 = CIRCLE('',#951,0.5);
#951 = AXIS2_PLACEMENT_3D('',#952,#953,#954);
#952 = CARTESIAN_POINT('',(14.3,31.435,0.));
#953 = DIRECTION('',(-0.,0.,-1.));
#954 = DIRECTION('',(-0.,-1.,0.));
#955 = FACE_BOUND('',#956,.F.);
#956 = EDGE_LOOP('',(#957));
#957 = ORIENTED_EDGE('',*,*,#958,.T.);
#958 = EDGE_CURVE('',#959,#959,#961,.T.);
#959 = VERTEX_POINT('',#960);
#960 = CARTESIAN_POINT('',(14.3,33.475,0.));
#961 = CIRCLE('',#962,0.5);
#962 = AXIS2_PLACEMENT_3D('',#963,#964,#965);
#963 = CARTESIAN_POINT('',(14.3,33.975,0.));
#964 = DIRECTION('',(-0.,0.,-1.));
#965 = DIRECTION('',(-0.,-1.,0.));
#966 = FACE_BOUND('',#967,.F.);
#967 = EDGE_LOOP('',(#968));
#968 = ORIENTED_EDGE('',*,*,#969,.T.);
#969 = EDGE_CURVE('',#970,#970,#972,.T.);
#970 = VERTEX_POINT('',#971);
#971 = CARTESIAN_POINT('',(14.3,36.015,0.));
#972 = CIRCLE('',#973,0.5);
#973 = AXIS2_PLACEMENT_3D('',#974,#975,#976);
#974 = CARTESIAN_POINT('',(14.3,36.515,0.));
#975 = DIRECTION('',(-0.,0.,-1.));
#976 = DIRECTION('',(-0.,-1.,0.));
#977 = FACE_BOUND('',#978,.F.);
#978 = EDGE_LOOP('',(#979));
#979 = ORIENTED_EDGE('',*,*,#980,.T.);
#980 = EDGE_CURVE('',#981,#981,#983,.T.);
#981 = VERTEX_POINT('',#982);
#982 = CARTESIAN_POINT('',(18.11,34.62,0.));
#983 = CIRCLE('',#984,0.5);
#984 = AXIS2_PLACEMENT_3D('',#985,#986,#987);
#985 = CARTESIAN_POINT('',(18.11,35.12,0.));
#986 = DIRECTION('',(-0.,0.,-1.));
#987 = DIRECTION('',(-0.,-1.,0.));
#988 = FACE_BOUND('',#989,.F.);
#989 = EDGE_LOOP('',(#990));
#990 = ORIENTED_EDGE('',*,*,#991,.F.);
#991 = EDGE_CURVE('',#992,#992,#994,.T.);
#992 = VERTEX_POINT('',#993);
#993 = CARTESIAN_POINT('',(14.,41.,0.));
#994 = CIRCLE('',#995,1.);
#995 = AXIS2_PLACEMENT_3D('',#996,#997,#998);
#996 = CARTESIAN_POINT('',(13.,41.,0.));
#997 = DIRECTION('',(0.,0.,1.));
#998 = DIRECTION('',(1.,0.,-0.));
#999 = FACE_BOUND('',#1000,.F.);
#1000 = EDGE_LOOP('',(#1001));
#1001 = ORIENTED_EDGE('',*,*,#1002,.T.);
#1002 = EDGE_CURVE('',#1003,#1003,#1005,.T.);
#1003 = VERTEX_POINT('',#1004);
#1004 = CARTESIAN_POINT('',(18.167723,38.597023,0.));
#1005 = CIRCLE('',#1006,0.45);
#1006 = AXIS2_PLACEMENT_3D('',#1007,#1008,#1009);
#1007 = CARTESIAN_POINT('',(18.167723,39.047023,0.));
#1008 = DIRECTION('',(-0.,0.,-1.));
#1009 = DIRECTION('',(-7.894919286223E-15,-1.,0.));
#1010 = FACE_BOUND('',#1011,.F.);
#1011 = EDGE_LOOP('',(#1012));
#1012 = ORIENTED_EDGE('',*,*,#1013,.T.);
#1013 = EDGE_CURVE('',#1014,#1014,#1016,.T.);
#1014 = VERTEX_POINT('',#1015);
#1015 = CARTESIAN_POINT('',(16.463274,40.027224,0.));
#1016 = CIRCLE('',#1017,0.45);
#1017 = AXIS2_PLACEMENT_3D('',#1018,#1019,#1020);
#1018 = CARTESIAN_POINT('',(16.463274,40.477224,0.));
#1019 = DIRECTION('',(-0.,0.,-1.));
#1020 = DIRECTION('',(-0.,-1.,0.));
#1021 = FACE_BOUND('',#1022,.F.);
#1022 = EDGE_LOOP('',(#1023));
#1023 = ORIENTED_EDGE('',*,*,#1024,.T.);
#1024 = EDGE_CURVE('',#1025,#1025,#1027,.T.);
#1025 = VERTEX_POINT('',#1026);
#1026 = CARTESIAN_POINT('',(18.112023,41.992129,0.));
#1027 = CIRCLE('',#1028,0.45);
#1028 = AXIS2_PLACEMENT_3D('',#1029,#1030,#1031);
#1029 = CARTESIAN_POINT('',(18.112023,42.442129,0.));
#1030 = DIRECTION('',(-0.,0.,-1.));
#1031 = DIRECTION('',(-0.,-1.,0.));
#1032 = FACE_BOUND('',#1033,.F.);
#1033 = EDGE_LOOP('',(#1034));
#1034 = ORIENTED_EDGE('',*,*,#1035,.T.);
#1035 = EDGE_CURVE('',#1036,#1036,#1038,.T.);
#1036 = VERTEX_POINT('',#1037);
#1037 = CARTESIAN_POINT('',(20.65,34.62,0.));
#1038 = CIRCLE('',#1039,0.5);
#1039 = AXIS2_PLACEMENT_3D('',#1040,#1041,#1042);
#1040 = CARTESIAN_POINT('',(20.65,35.12,0.));
#1041 = DIRECTION('',(-0.,0.,-1.));
#1042 = DIRECTION('',(-0.,-1.,0.));
#1043 = FACE_BOUND('',#1044,.F.);
#1044 = EDGE_LOOP('',(#1045));
#1045 = ORIENTED_EDGE('',*,*,#1046,.T.);
#1046 = EDGE_CURVE('',#1047,#1047,#1049,.T.);
#1047 = VERTEX_POINT('',#1048);
#1048 = CARTESIAN_POINT('',(23.19,34.62,0.));
#1049 = CIRCLE('',#1050,0.5);
#1050 = AXIS2_PLACEMENT_3D('',#1051,#1052,#1053);
#1051 = CARTESIAN_POINT('',(23.19,35.12,0.));
#1052 = DIRECTION('',(-0.,0.,-1.));
#1053 = DIRECTION('',(-0.,-1.,0.));
#1054 = FACE_BOUND('',#1055,.F.);
#1055 = EDGE_LOOP('',(#1056));
#1056 = ORIENTED_EDGE('',*,*,#1057,.T.);
#1057 = EDGE_CURVE('',#1058,#1058,#1060,.T.);
#1058 = VERTEX_POINT('',#1059);
#1059 = CARTESIAN_POINT('',(25.73,34.62,0.));
#1060 = CIRCLE('',#1061,0.5);
#1061 = AXIS2_PLACEMENT_3D('',#1062,#1063,#1064);
#1062 = CARTESIAN_POINT('',(25.73,35.12,0.));
#1063 = DIRECTION('',(-0.,0.,-1.));
#1064 = DIRECTION('',(-0.,-1.,0.));
#1065 = FACE_BOUND('',#1066,.F.);
#1066 = EDGE_LOOP('',(#1067));
#1067 = ORIENTED_EDGE('',*,*,#1068,.T.);
#1068 = EDGE_CURVE('',#1069,#1069,#1071,.T.);
#1069 = VERTEX_POINT('',#1070);
#1070 = CARTESIAN_POINT('',(19.800402,40.542776,0.));
#1071 = CIRCLE('',#1072,0.45);
#1072 = AXIS2_PLACEMENT_3D('',#1073,#1074,#1075);
#1073 = CARTESIAN_POINT('',(19.800402,40.992776,0.));
#1074 = DIRECTION('',(-0.,0.,-1.));
#1075 = DIRECTION('',(-0.,-1.,0.));
#1076 = FACE_BOUND('',#1077,.F.);
#1077 = EDGE_LOOP('',(#1078));
#1078 = ORIENTED_EDGE('',*,*,#1079,.T.);
#1079 = EDGE_CURVE('',#1080,#1080,#1082,.T.);
#1080 = VERTEX_POINT('',#1081);
#1081 = CARTESIAN_POINT('',(12.481996,42.961144,0.));
#1082 = CIRCLE('',#1083,0.55);
#1083 = AXIS2_PLACEMENT_3D('',#1084,#1085,#1086);
#1084 = CARTESIAN_POINT('',(12.481996,43.511144,0.));
#1085 = DIRECTION('',(-0.,0.,-1.));
#1086 = DIRECTION('',(3.229739708E-15,-1.,-0.));
#1087 = FACE_BOUND('',#1088,.F.);
#1088 = EDGE_LOOP('',(#1089));
#1089 = ORIENTED_EDGE('',*,*,#1090,.T.);
#1090 = EDGE_CURVE('',#1091,#1091,#1093,.T.);
#1091 = VERTEX_POINT('',#1092);
#1092 = CARTESIAN_POINT('',(14.410359,45.309277,0.));
#1093 = CIRCLE('',#1094,0.5);
#1094 = AXIS2_PLACEMENT_3D('',#1095,#1096,#1097);
#1095 = CARTESIAN_POINT('',(14.410359,45.809277,0.));
#1096 = DIRECTION('',(-0.,0.,-1.));
#1097 = DIRECTION('',(-0.,-1.,0.));
#1098 = FACE_BOUND('',#1099,.F.);
#1099 = EDGE_LOOP('',(#1100));
#1100 = ORIENTED_EDGE('',*,*,#1101,.T.);
#1101 = EDGE_CURVE('',#1102,#1102,#1104,.T.);
#1102 = VERTEX_POINT('',#1103);
#1103 = CARTESIAN_POINT('',(16.646855,50.587587,0.));
#1104 = CIRCLE('',#1105,0.55);
#1105 = AXIS2_PLACEMENT_3D('',#1106,#1107,#1108);
#1106 = CARTESIAN_POINT('',(16.646855,51.137587,0.));
#1107 = DIRECTION('',(-0.,0.,-1.));
#1108 = DIRECTION('',(-6.459479416001E-15,-1.,0.));
#1109 = FACE_BOUND('',#1110,.F.);
#1110 = EDGE_LOOP('',(#1111));
#1111 = ORIENTED_EDGE('',*,*,#1112,.T.);
#1112 = EDGE_CURVE('',#1113,#1113,#1115,.T.);
#1113 = VERTEX_POINT('',#1114);
#1114 = CARTESIAN_POINT('',(16.908322,53.626171,0.));
#1115 = CIRCLE('',#1116,0.5);
#1116 = AXIS2_PLACEMENT_3D('',#1117,#1118,#1119);
#1117 = CARTESIAN_POINT('',(16.908322,54.126171,0.));
#1118 = DIRECTION('',(-0.,0.,-1.));
#1119 = DIRECTION('',(-0.,-1.,0.));
#1120 = FACE_BOUND('',#1121,.F.);
#1121 = EDGE_LOOP('',(#1122));
#1122 = ORIENTED_EDGE('',*,*,#1123,.F.);
#1123 = EDGE_CURVE('',#1124,#1124,#1126,.T.);
#1124 = VERTEX_POINT('',#1125);
#1125 = CARTESIAN_POINT('',(23.,47.,0.));
#1126 = CIRCLE('',#1127,1.);
#1127 = AXIS2_PLACEMENT_3D('',#1128,#1129,#1130);
#1128 = CARTESIAN_POINT('',(22.,47.,0.));
#1129 = DIRECTION('',(0.,0.,1.));
#1130 = DIRECTION('',(1.,0.,-0.));
#1131 = FACE_BOUND('',#1132,.F.);
#1132 = EDGE_LOOP('',(#1133));
#1133 = ORIENTED_EDGE('',*,*,#1134,.T.);
#1134 = EDGE_CURVE('',#1135,#1135,#1137,.T.);
#1135 = VERTEX_POINT('',#1136);
#1136 = CARTESIAN_POINT('',(21.648311,50.485913,0.));
#1137 = CIRCLE('',#1138,0.45);
#1138 = AXIS2_PLACEMENT_3D('',#1139,#1140,#1141);
#1139 = CARTESIAN_POINT('',(21.648311,50.935913,0.));
#1140 = DIRECTION('',(-0.,0.,-1.));
#1141 = DIRECTION('',(-0.,-1.,0.));
#1142 = FACE_BOUND('',#1143,.F.);
#1143 = EDGE_LOOP('',(#1144));
#1144 = ORIENTED_EDGE('',*,*,#1145,.T.);
#1145 = EDGE_CURVE('',#1146,#1146,#1148,.T.);
#1146 = VERTEX_POINT('',#1147);
#1147 = CARTESIAN_POINT('',(21.871864,53.041153,0.));
#1148 = CIRCLE('',#1149,0.45);
#1149 = AXIS2_PLACEMENT_3D('',#1150,#1151,#1152);
#1150 = CARTESIAN_POINT('',(21.871864,53.491153,0.));
#1151 = DIRECTION('',(-0.,0.,-1.));
#1152 = DIRECTION('',(-7.894919286223E-15,-1.,0.));
#1153 = FACE_BOUND('',#1154,.F.);
#1154 = EDGE_LOOP('',(#1155));
#1155 = ORIENTED_EDGE('',*,*,#1156,.T.);
#1156 = EDGE_CURVE('',#1157,#1157,#1159,.T.);
#1157 = VERTEX_POINT('',#1158);
#1158 = CARTESIAN_POINT('',(23.864843,50.291993,0.));
#1159 = CIRCLE('',#1160,0.45);
#1160 = AXIS2_PLACEMENT_3D('',#1161,#1162,#1163);
#1161 = CARTESIAN_POINT('',(23.864843,50.741993,0.));
#1162 = DIRECTION('',(-0.,0.,-1.));
#1163 = DIRECTION('',(-0.,-1.,0.));
#1164 = FACE_BOUND('',#1165,.F.);
#1165 = EDGE_LOOP('',(#1166));
#1166 = ORIENTED_EDGE('',*,*,#1167,.T.);
#1167 = EDGE_CURVE('',#1168,#1168,#1170,.T.);
#1168 = VERTEX_POINT('',#1169);
#1169 = CARTESIAN_POINT('',(24.086219,52.822326,0.));
#1170 = CIRCLE('',#1171,0.45);
#1171 = AXIS2_PLACEMENT_3D('',#1172,#1173,#1174);
#1172 = CARTESIAN_POINT('',(24.086219,53.272326,0.));
#1173 = DIRECTION('',(-0.,0.,-1.));
#1174 = DIRECTION('',(-0.,-1.,0.));
#1175 = FACE_BOUND('',#1176,.F.);
#1176 = EDGE_LOOP('',(#1177));
#1177 = ORIENTED_EDGE('',*,*,#1178,.T.);
#1178 = EDGE_CURVE('',#1179,#1179,#1181,.T.);
#1179 = VERTEX_POINT('',#1180);
#1180 = CARTESIAN_POINT('',(34.62,12.48,0.));
#1181 = CIRCLE('',#1182,1.6);
#1182 = AXIS2_PLACEMENT_3D('',#1183,#1184,#1185);
#1183 = CARTESIAN_POINT('',(34.62,14.08,0.));
#1184 = DIRECTION('',(-0.,0.,-1.));
#1185 = DIRECTION('',(-4.440892098501E-15,-1.,0.));
#1186 = FACE_BOUND('',#1187,.F.);
#1187 = EDGE_LOOP('',(#1188));
#1188 = ORIENTED_EDGE('',*,*,#1189,.T.);
#1189 = EDGE_CURVE('',#1190,#1190,#1192,.T.);
#1190 = VERTEX_POINT('',#1191);
#1191 = CARTESIAN_POINT('',(39.7,8.075,0.));
#1192 = CIRCLE('',#1193,0.5);
#1193 = AXIS2_PLACEMENT_3D('',#1194,#1195,#1196);
#1194 = CARTESIAN_POINT('',(39.7,8.575,0.));
#1195 = DIRECTION('',(-0.,0.,-1.));
#1196 = DIRECTION('',(-0.,-1.,0.));
#1197 = FACE_BOUND('',#1198,.F.);
#1198 = EDGE_LOOP('',(#1199));
#1199 = ORIENTED_EDGE('',*,*,#1200,.T.);
#1200 = EDGE_CURVE('',#1201,#1201,#1203,.T.);
#1201 = VERTEX_POINT('',#1202);
#1202 = CARTESIAN_POINT('',(39.7,10.615,0.));
#1203 = CIRCLE('',#1204,0.5);
#1204 = AXIS2_PLACEMENT_3D('',#1205,#1206,#1207);
#1205 = CARTESIAN_POINT('',(39.7,11.115,0.));
#1206 = DIRECTION('',(-0.,0.,-1.));
#1207 = DIRECTION('',(-0.,-1.,0.));
#1208 = FACE_BOUND('',#1209,.F.);
#1209 = EDGE_LOOP('',(#1210));
#1210 = ORIENTED_EDGE('',*,*,#1211,.T.);
#1211 = EDGE_CURVE('',#1212,#1212,#1214,.T.);
#1212 = VERTEX_POINT('',#1213);
#1213 = CARTESIAN_POINT('',(39.7,13.155,0.));
#1214 = CIRCLE('',#1215,0.5);
#1215 = AXIS2_PLACEMENT_3D('',#1216,#1217,#1218);
#1216 = CARTESIAN_POINT('',(39.7,13.655,0.));
#1217 = DIRECTION('',(-0.,0.,-1.));
#1218 = DIRECTION('',(-0.,-1.,0.));
#1219 = FACE_BOUND('',#1220,.F.);
#1220 = EDGE_LOOP('',(#1221));
#1221 = ORIENTED_EDGE('',*,*,#1222,.T.);
#1222 = EDGE_CURVE('',#1223,#1223,#1225,.T.);
#1223 = VERTEX_POINT('',#1224);
#1224 = CARTESIAN_POINT('',(39.7,15.695,0.));
#1225 = CIRCLE('',#1226,0.5);
#1226 = AXIS2_PLACEMENT_3D('',#1227,#1228,#1229);
#1227 = CARTESIAN_POINT('',(39.7,16.195,0.));
#1228 = DIRECTION('',(-0.,0.,-1.));
#1229 = DIRECTION('',(-0.,-1.,0.));
#1230 = FACE_BOUND('',#1231,.F.);
#1231 = EDGE_LOOP('',(#1232));
#1232 = ORIENTED_EDGE('',*,*,#1233,.T.);
#1233 = EDGE_CURVE('',#1234,#1234,#1236,.T.);
#1234 = VERTEX_POINT('',#1235);
#1235 = CARTESIAN_POINT('',(39.7,18.235,0.));
#1236 = CIRCLE('',#1237,0.5);
#1237 = AXIS2_PLACEMENT_3D('',#1238,#1239,#1240);
#1238 = CARTESIAN_POINT('',(39.7,18.735,0.));
#1239 = DIRECTION('',(-0.,0.,-1.));
#1240 = DIRECTION('',(-0.,-1.,0.));
#1241 = FACE_BOUND('',#1242,.F.);
#1242 = EDGE_LOOP('',(#1243));
#1243 = ORIENTED_EDGE('',*,*,#1244,.T.);
#1244 = EDGE_CURVE('',#1245,#1245,#1247,.T.);
#1245 = VERTEX_POINT('',#1246);
#1246 = CARTESIAN_POINT('',(28.27,19.38,0.));
#1247 = CIRCLE('',#1248,0.5);
#1248 = AXIS2_PLACEMENT_3D('',#1249,#1250,#1251);
#1249 = CARTESIAN_POINT('',(28.27,19.88,0.));
#1250 = DIRECTION('',(-0.,0.,-1.));
#1251 = DIRECTION('',(-0.,-1.,0.));
#1252 = FACE_BOUND('',#1253,.F.);
#1253 = EDGE_LOOP('',(#1254));
#1254 = ORIENTED_EDGE('',*,*,#1255,.T.);
#1255 = EDGE_CURVE('',#1256,#1256,#1258,.T.);
#1256 = VERTEX_POINT('',#1257);
#1257 = CARTESIAN_POINT('',(30.81,19.38,0.));
#1258 = CIRCLE('',#1259,0.5);
#1259 = AXIS2_PLACEMENT_3D('',#1260,#1261,#1262);
#1260 = CARTESIAN_POINT('',(30.81,19.88,0.));
#1261 = DIRECTION('',(-0.,0.,-1.));
#1262 = DIRECTION('',(-0.,-1.,0.));
#1263 = FACE_BOUND('',#1264,.F.);
#1264 = EDGE_LOOP('',(#1265));
#1265 = ORIENTED_EDGE('',*,*,#1266,.T.);
#1266 = EDGE_CURVE('',#1267,#1267,#1269,.T.);
#1267 = VERTEX_POINT('',#1268);
#1268 = CARTESIAN_POINT('',(33.35,19.38,0.));
#1269 = CIRCLE('',#1270,0.5);
#1270 = AXIS2_PLACEMENT_3D('',#1271,#1272,#1273);
#1271 = CARTESIAN_POINT('',(33.35,19.88,0.));
#1272 = DIRECTION('',(-0.,0.,-1.));
#1273 = DIRECTION('',(-0.,-1.,0.));
#1274 = FACE_BOUND('',#1275,.F.);
#1275 = EDGE_LOOP('',(#1276));
#1276 = ORIENTED_EDGE('',*,*,#1277,.T.);
#1277 = EDGE_CURVE('',#1278,#1278,#1280,.T.);
#1278 = VERTEX_POINT('',#1279);
#1279 = CARTESIAN_POINT('',(35.89,19.38,0.));
#1280 = CIRCLE('',#1281,0.5);
#1281 = AXIS2_PLACEMENT_3D('',#1282,#1283,#1284);
#1282 = CARTESIAN_POINT('',(35.89,19.88,0.));
#1283 = DIRECTION('',(-0.,0.,-1.));
#1284 = DIRECTION('',(-0.,-1.,0.));
#1285 = FACE_BOUND('',#1286,.F.);
#1286 = EDGE_LOOP('',(#1287));
#1287 = ORIENTED_EDGE('',*,*,#1288,.T.);
#1288 = EDGE_CURVE('',#1289,#1289,#1291,.T.);
#1289 = VERTEX_POINT('',#1290);
#1290 = CARTESIAN_POINT('',(39.7,20.775,0.));
#1291 = CIRCLE('',#1292,0.5);
#1292 = AXIS2_PLACEMENT_3D('',#1293,#1294,#1295);
#1293 = CARTESIAN_POINT('',(39.7,21.275,0.));
#1294 = DIRECTION('',(-0.,0.,-1.));
#1295 = DIRECTION('',(-0.,-1.,0.));
#1296 = FACE_BOUND('',#1297,.F.);
#1297 = EDGE_LOOP('',(#1298));
#1298 = ORIENTED_EDGE('',*,*,#1299,.T.);
#1299 = EDGE_CURVE('',#1300,#1300,#1302,.T.);
#1300 = VERTEX_POINT('',#1301);
#1301 = CARTESIAN_POINT('',(39.7,23.315,0.));
#1302 = CIRCLE('',#1303,0.5);
#1303 = AXIS2_PLACEMENT_3D('',#1304,#1305,#1306);
#1304 = CARTESIAN_POINT('',(39.7,23.815,0.));
#1305 = DIRECTION('',(-0.,0.,-1.));
#1306 = DIRECTION('',(-0.,-1.,0.));
#1307 = FACE_BOUND('',#1308,.F.);
#1308 = EDGE_LOOP('',(#1309));
#1309 = ORIENTED_EDGE('',*,*,#1310,.T.);
#1310 = EDGE_CURVE('',#1311,#1311,#1313,.T.);
#1311 = VERTEX_POINT('',#1312);
#1312 = CARTESIAN_POINT('',(39.7,25.855,0.));
#1313 = CIRCLE('',#1314,0.5);
#1314 = AXIS2_PLACEMENT_3D('',#1315,#1316,#1317);
#1315 = CARTESIAN_POINT('',(39.7,26.355,0.));
#1316 = DIRECTION('',(-0.,0.,-1.));
#1317 = DIRECTION('',(-0.,-1.,0.));
#1318 = FACE_BOUND('',#1319,.F.);
#1319 = EDGE_LOOP('',(#1320));
#1320 = ORIENTED_EDGE('',*,*,#1321,.T.);
#1321 = EDGE_CURVE('',#1322,#1322,#1324,.T.);
#1322 = VERTEX_POINT('',#1323);
#1323 = CARTESIAN_POINT('',(39.7,28.395,0.));
#1324 = CIRCLE('',#1325,0.5);
#1325 = AXIS2_PLACEMENT_3D('',#1326,#1327,#1328);
#1326 = CARTESIAN_POINT('',(39.7,28.895,0.));
#1327 = DIRECTION('',(-0.,0.,-1.));
#1328 = DIRECTION('',(-0.,-1.,0.));
#1329 = FACE_BOUND('',#1330,.F.);
#1330 = EDGE_LOOP('',(#1331));
#1331 = ORIENTED_EDGE('',*,*,#1332,.F.);
#1332 = EDGE_CURVE('',#1333,#1333,#1335,.T.);
#1333 = VERTEX_POINT('',#1334);
#1334 = CARTESIAN_POINT('',(54.,30.5,0.));
#1335 = CIRCLE('',#1336,1.5);
#1336 = AXIS2_PLACEMENT_3D('',#1337,#1338,#1339);
#1337 = CARTESIAN_POINT('',(52.5,30.5,0.));
#1338 = DIRECTION('',(0.,0.,1.));
#1339 = DIRECTION('',(1.,0.,-0.));
#1340 = FACE_BOUND('',#1341,.F.);
#1341 = EDGE_LOOP('',(#1342));
#1342 = ORIENTED_EDGE('',*,*,#1343,.T.);
#1343 = EDGE_CURVE('',#1344,#1344,#1346,.T.);
#1344 = VERTEX_POINT('',#1345);
#1345 = CARTESIAN_POINT('',(28.27,34.62,0.));
#1346 = CIRCLE('',#1347,0.5);
#1347 = AXIS2_PLACEMENT_3D('',#1348,#1349,#1350);
#1348 = CARTESIAN_POINT('',(28.27,35.12,0.));
#1349 = DIRECTION('',(-0.,0.,-1.));
#1350 = DIRECTION('',(-0.,-1.,0.));
#1351 = FACE_BOUND('',#1352,.F.);
#1352 = EDGE_LOOP('',(#1353));
#1353 = ORIENTED_EDGE('',*,*,#1354,.T.);
#1354 = EDGE_CURVE('',#1355,#1355,#1357,.T.);
#1355 = VERTEX_POINT('',#1356);
#1356 = CARTESIAN_POINT('',(30.81,34.62,0.));
#1357 = CIRCLE('',#1358,0.5);
#1358 = AXIS2_PLACEMENT_3D('',#1359,#1360,#1361);
#1359 = CARTESIAN_POINT('',(30.81,35.12,0.));
#1360 = DIRECTION('',(-0.,0.,-1.));
#1361 = DIRECTION('',(-0.,-1.,0.));
#1362 = FACE_BOUND('',#1363,.F.);
#1363 = EDGE_LOOP('',(#1364));
#1364 = ORIENTED_EDGE('',*,*,#1365,.T.);
#1365 = EDGE_CURVE('',#1366,#1366,#1368,.T.);
#1366 = VERTEX_POINT('',#1367);
#1367 = CARTESIAN_POINT('',(33.35,34.62,0.));
#1368 = CIRCLE('',#1369,0.5);
#1369 = AXIS2_PLACEMENT_3D('',#1370,#1371,#1372);
#1370 = CARTESIAN_POINT('',(33.35,35.12,0.));
#1371 = DIRECTION('',(-0.,0.,-1.));
#1372 = DIRECTION('',(-0.,-1.,0.));
#1373 = FACE_BOUND('',#1374,.F.);
#1374 = EDGE_LOOP('',(#1375));
#1375 = ORIENTED_EDGE('',*,*,#1376,.T.);
#1376 = EDGE_CURVE('',#1377,#1377,#1379,.T.);
#1377 = VERTEX_POINT('',#1378);
#1378 = CARTESIAN_POINT('',(34.206025,40.535116,0.));
#1379 = CIRCLE('',#1380,0.45);
#1380 = AXIS2_PLACEMENT_3D('',#1381,#1382,#1383);
#1381 = CARTESIAN_POINT('',(34.206025,40.985116,0.));
#1382 = DIRECTION('',(-0.,0.,-1.));
#1383 = DIRECTION('',(-0.,-1.,0.));
#1384 = FACE_BOUND('',#1385,.F.);
#1385 = EDGE_LOOP('',(#1386));
#1386 = ORIENTED_EDGE('',*,*,#1387,.T.);
#1387 = EDGE_CURVE('',#1388,#1388,#1390,.T.);
#1388 = VERTEX_POINT('',#1389);
#1389 = CARTESIAN_POINT('',(35.89,34.62,0.));
#1390 = CIRCLE('',#1391,0.5);
#1391 = AXIS2_PLACEMENT_3D('',#1392,#1393,#1394);
#1392 = CARTESIAN_POINT('',(35.89,35.12,0.));
#1393 = DIRECTION('',(-0.,0.,-1.));
#1394 = DIRECTION('',(-0.,-1.,0.));
#1395 = FACE_BOUND('',#1396,.F.);
#1396 = EDGE_LOOP('',(#1397));
#1397 = ORIENTED_EDGE('',*,*,#1398,.T.);
#1398 = EDGE_CURVE('',#1399,#1399,#1401,.T.);
#1399 = VERTEX_POINT('',#1400);
#1400 = CARTESIAN_POINT('',(39.7,30.935,0.));
#1401 = CIRCLE('',#1402,0.5);
#1402 = AXIS2_PLACEMENT_3D('',#1403,#1404,#1405);
#1403 = CARTESIAN_POINT('',(39.7,31.435,0.));
#1404 = DIRECTION('',(-0.,0.,-1.));
#1405 = DIRECTION('',(-0.,-1.,0.));
#1406 = FACE_BOUND('',#1407,.F.);
#1407 = EDGE_LOOP('',(#1408));
#1408 = ORIENTED_EDGE('',*,*,#1409,.T.);
#1409 = EDGE_CURVE('',#1410,#1410,#1412,.T.);
#1410 = VERTEX_POINT('',#1411);
#1411 = CARTESIAN_POINT('',(39.7,33.475,0.));
#1412 = CIRCLE('',#1413,0.5);
#1413 = AXIS2_PLACEMENT_3D('',#1414,#1415,#1416);
#1414 = CARTESIAN_POINT('',(39.7,33.975,0.));
#1415 = DIRECTION('',(-0.,0.,-1.));
#1416 = DIRECTION('',(-0.,-1.,0.));
#1417 = FACE_BOUND('',#1418,.F.);
#1418 = EDGE_LOOP('',(#1419));
#1419 = ORIENTED_EDGE('',*,*,#1420,.T.);
#1420 = EDGE_CURVE('',#1421,#1421,#1423,.T.);
#1421 = VERTEX_POINT('',#1422);
#1422 = CARTESIAN_POINT('',(39.7,36.015,0.));
#1423 = CIRCLE('',#1424,0.5);
#1424 = AXIS2_PLACEMENT_3D('',#1425,#1426,#1427);
#1425 = CARTESIAN_POINT('',(39.7,36.515,0.));
#1426 = DIRECTION('',(-0.,0.,-1.));
#1427 = DIRECTION('',(-0.,-1.,0.));
#1428 = FACE_BOUND('',#1429,.F.);
#1429 = EDGE_LOOP('',(#1430));
#1430 = ORIENTED_EDGE('',*,*,#1431,.T.);
#1431 = EDGE_CURVE('',#1432,#1432,#1434,.T.);
#1432 = VERTEX_POINT('',#1433);
#1433 = CARTESIAN_POINT('',(35.838705,38.589364,0.));
#1434 = CIRCLE('',#1435,0.45);
#1435 = AXIS2_PLACEMENT_3D('',#1436,#1437,#1438);
#1436 = CARTESIAN_POINT('',(35.838705,39.039364,0.));
#1437 = DIRECTION('',(-0.,0.,-1.));
#1438 = DIRECTION('',(-1.578983857245E-14,-1.,0.));
#1439 = FACE_BOUND('',#1440,.F.);
#1440 = EDGE_LOOP('',(#1441));
#1441 = ORIENTED_EDGE('',*,*,#1442,.T.);
#1442 = EDGE_CURVE('',#1443,#1443,#1445,.T.);
#1443 = VERTEX_POINT('',#1444);
#1444 = CARTESIAN_POINT('',(35.910472,41.965318,0.));
#1445 = CIRCLE('',#1446,0.45);
#1446 = AXIS2_PLACEMENT_3D('',#1447,#1448,#1449);
#1447 = CARTESIAN_POINT('',(35.910472,42.415318,0.));
#1448 = DIRECTION('',(-0.,0.,-1.));
#1449 = DIRECTION('',(-0.,-1.,0.));
#1450 = FACE_BOUND('',#1451,.F.);
#1451 = EDGE_LOOP('',(#1452));
#1452 = ORIENTED_EDGE('',*,*,#1453,.T.);
#1453 = EDGE_CURVE('',#1454,#1454,#1456,.T.);
#1454 = VERTEX_POINT('',#1455);
#1455 = CARTESIAN_POINT('',(37.559223,40.000415,0.));
#1456 = CIRCLE('',#1457,0.45);
#1457 = AXIS2_PLACEMENT_3D('',#1458,#1459,#1460);
#1458 = CARTESIAN_POINT('',(37.559223,40.450415,0.));
#1459 = DIRECTION('',(-0.,0.,-1.));
#1460 = DIRECTION('',(-0.,-1.,0.));
#1461 = FACE_BOUND('',#1462,.F.);
#1462 = EDGE_LOOP('',(#1463));
#1463 = ORIENTED_EDGE('',*,*,#1464,.F.);
#1464 = EDGE_CURVE('',#1465,#1465,#1467,.T.);
#1465 = VERTEX_POINT('',#1466);
#1466 = CARTESIAN_POINT('',(42.,41.,0.));
#1467 = CIRCLE('',#1468,1.);
#1468 = AXIS2_PLACEMENT_3D('',#1469,#1470,#1471);
#1469 = CARTESIAN_POINT('',(41.,41.,0.));
#1470 = DIRECTION('',(0.,0.,1.));
#1471 = DIRECTION('',(1.,0.,-0.));
#1472 = FACE_BOUND('',#1473,.F.);
#1473 = EDGE_LOOP('',(#1474));
#1474 = ORIENTED_EDGE('',*,*,#1475,.F.);
#1475 = EDGE_CURVE('',#1476,#1476,#1478,.T.);
#1476 = VERTEX_POINT('',#1477);
#1477 = CARTESIAN_POINT('',(33.,47.,0.));
#1478 = CIRCLE('',#1479,1.);
#1479 = AXIS2_PLACEMENT_3D('',#1480,#1481,#1482);
#1480 = CARTESIAN_POINT('',(32.,47.,0.));
#1481 = DIRECTION('',(0.,0.,1.));
#1482 = DIRECTION('',(1.,0.,-0.));
#1483 = FACE_BOUND('',#1484,.F.);
#1484 = EDGE_LOOP('',(#1485));
#1485 = ORIENTED_EDGE('',*,*,#1486,.T.);
#1486 = EDGE_CURVE('',#1487,#1487,#1489,.T.);
#1487 = VERTEX_POINT('',#1488);
#1488 = CARTESIAN_POINT('',(30.136028,50.282032,0.));
#1489 = CIRCLE('',#1490,0.45);
#1490 = AXIS2_PLACEMENT_3D('',#1491,#1492,#1493);
#1491 = CARTESIAN_POINT('',(30.136028,50.732032,0.));
#1492 = DIRECTION('',(-0.,0.,-1.));
#1493 = DIRECTION('',(-0.,-1.,0.));
#1494 = FACE_BOUND('',#1495,.F.);
#1495 = EDGE_LOOP('',(#1496));
#1496 = ORIENTED_EDGE('',*,*,#1497,.T.);
#1497 = EDGE_CURVE('',#1498,#1498,#1500,.T.);
#1498 = VERTEX_POINT('',#1499);
#1499 = CARTESIAN_POINT('',(29.914653,52.812365,0.));
#1500 = CIRCLE('',#1501,0.45);
#1501 = AXIS2_PLACEMENT_3D('',#1502,#1503,#1504);
#1502 = CARTESIAN_POINT('',(29.914653,53.262365,0.));
#1503 = DIRECTION('',(-0.,0.,-1.));
#1504 = DIRECTION('',(-0.,-1.,0.));
#1505 = FACE_BOUND('',#1506,.F.);
#1506 = EDGE_LOOP('',(#1507));
#1507 = ORIENTED_EDGE('',*,*,#1508,.T.);
#1508 = EDGE_CURVE('',#1509,#1509,#1511,.T.);
#1509 = VERTEX_POINT('',#1510);
#1510 = CARTESIAN_POINT('',(32.35474,50.451048,0.));
#1511 = CIRCLE('',#1512,0.45);
#1512 = AXIS2_PLACEMENT_3D('',#1513,#1514,#1515);
#1513 = CARTESIAN_POINT('',(32.35474,50.901048,0.));
#1514 = DIRECTION('',(-0.,0.,-1.));
#1515 = DIRECTION('',(-0.,-1.,0.));
#1516 = FACE_BOUND('',#1517,.F.);
#1517 = EDGE_LOOP('',(#1518));
#1518 = ORIENTED_EDGE('',*,*,#1519,.T.);
#1519 = EDGE_CURVE('',#1520,#1520,#1522,.T.);
#1520 = VERTEX_POINT('',#1521);
#1521 = CARTESIAN_POINT('',(32.131185,53.006288,0.));
#1522 = CIRCLE('',#1523,0.45);
#1523 = AXIS2_PLACEMENT_3D('',#1524,#1525,#1526);
#1524 = CARTESIAN_POINT('',(32.131185,53.456288,0.));
#1525 = DIRECTION('',(-0.,0.,-1.));
#1526 = DIRECTION('',(-0.,-1.,0.));
#1527 = FACE_BOUND('',#1528,.F.);
#1528 = EDGE_LOOP('',(#1529));
#1529 = ORIENTED_EDGE('',*,*,#1530,.T.);
#1530 = EDGE_CURVE('',#1531,#1531,#1533,.T.);
#1531 = VERTEX_POINT('',#1532);
#1532 = CARTESIAN_POINT('',(39.589641,45.259277,0.));
#1533 = CIRCLE('',#1534,0.55);
#1534 = AXIS2_PLACEMENT_3D('',#1535,#1536,#1537);
#1535 = CARTESIAN_POINT('',(39.589641,45.809277,0.));
#1536 = DIRECTION('',(-0.,0.,-1.));
#1537 = DIRECTION('',(-0.,-1.,0.));
#1538 = FACE_BOUND('',#1539,.F.);
#1539 = EDGE_LOOP('',(#1540));
#1540 = ORIENTED_EDGE('',*,*,#1541,.T.);
#1541 = EDGE_CURVE('',#1542,#1542,#1544,.T.);
#1542 = VERTEX_POINT('',#1543);
#1543 = CARTESIAN_POINT('',(41.518004,43.011144,0.));
#1544 = CIRCLE('',#1545,0.5);
#1545 = AXIS2_PLACEMENT_3D('',#1546,#1547,#1548);
#1546 = CARTESIAN_POINT('',(41.518004,43.511144,0.));
#1547 = DIRECTION('',(-0.,0.,-1.));
#1548 = DIRECTION('',(-0.,-1.,0.));
#1549 = FACE_BOUND('',#1550,.F.);
#1550 = EDGE_LOOP('',(#1551));
#1551 = ORIENTED_EDGE('',*,*,#1552,.T.);
#1552 = EDGE_CURVE('',#1553,#1553,#1555,.T.);
#1553 = VERTEX_POINT('',#1554);
#1554 = CARTESIAN_POINT('',(37.353145,50.637587,0.));
#1555 = CIRCLE('',#1556,0.5);
#1556 = AXIS2_PLACEMENT_3D('',#1557,#1558,#1559);
#1557 = CARTESIAN_POINT('',(37.353145,51.137587,0.));
#1558 = DIRECTION('',(-0.,0.,-1.));
#1559 = DIRECTION('',(-0.,-1.,0.));
#1560 = FACE_BOUND('',#1561,.F.);
#1561 = EDGE_LOOP('',(#1562));
#1562 = ORIENTED_EDGE('',*,*,#1563,.T.);
#1563 = EDGE_CURVE('',#1564,#1564,#1566,.T.);
#1564 = VERTEX_POINT('',#1565);
#1565 = CARTESIAN_POINT('',(37.091678,53.576171,0.));
#1566 = CIRCLE('',#1567,0.55);
#1567 = AXIS2_PLACEMENT_3D('',#1568,#1569,#1570);
#1568 = CARTESIAN_POINT('',(37.091678,54.126171,0.));
#1569 = DIRECTION('',(-0.,0.,-1.));
#1570 = DIRECTION('',(-0.,-1.,0.));
#1571 = FACE_BOUND('',#1572,.F.);
#1572 = EDGE_LOOP('',(#1573));
#1573 = ORIENTED_EDGE('',*,*,#1574,.T.);
#1574 = EDGE_CURVE('',#1575,#1575,#1577,.T.);
#1575 = VERTEX_POINT('',#1576);
#1576 = CARTESIAN_POINT('',(45.741993,34.685157,0.));
#1577 = CIRCLE('',#1578,0.45);
#1578 = AXIS2_PLACEMENT_3D('',#1579,#1580,#1581);
#1579 = CARTESIAN_POINT('',(45.741993,35.135157,0.));
#1580 = DIRECTION('',(-0.,0.,-1.));
#1581 = DIRECTION('',(1.578983857245E-14,-1.,-0.));
#1582 = FACE_BOUND('',#1583,.F.);
#1583 = EDGE_LOOP('',(#1584));
#1584 = ORIENTED_EDGE('',*,*,#1585,.T.);
#1585 = EDGE_CURVE('',#1586,#1586,#1588,.T.);
#1586 = VERTEX_POINT('',#1587);
#1587 = CARTESIAN_POINT('',(48.272326,34.463781,0.));
#1588 = CIRCLE('',#1589,0.45);
#1589 = AXIS2_PLACEMENT_3D('',#1590,#1591,#1592);
#1590 = CARTESIAN_POINT('',(48.272326,34.913781,0.));
#1591 = DIRECTION('',(-0.,0.,-1.));
#1592 = DIRECTION('',(-0.,-1.,0.));
#1593 = FACE_BOUND('',#1594,.F.);
#1594 = EDGE_LOOP('',(#1595));
#1595 = ORIENTED_EDGE('',*,*,#1596,.T.);
#1596 = EDGE_CURVE('',#1597,#1597,#1599,.T.);
#1597 = VERTEX_POINT('',#1598);
#1598 = CARTESIAN_POINT('',(48.491153,36.678136,0.));
#1599 = CIRCLE('',#1600,0.45);
#1600 = AXIS2_PLACEMENT_3D('',#1601,#1602,#1603);
#1601 = CARTESIAN_POINT('',(48.491153,37.128136,0.));
#1602 = DIRECTION('',(-0.,0.,-1.));
#1603 = DIRECTION('',(-0.,-1.,0.));
#1604 = FACE_BOUND('',#1605,.F.);
#1605 = EDGE_LOOP('',(#1606));
#1606 = ORIENTED_EDGE('',*,*,#1607,.T.);
#1607 = EDGE_CURVE('',#1608,#1608,#1610,.T.);
#1608 = VERTEX_POINT('',#1609);
#1609 = CARTESIAN_POINT('',(45.935913,36.901689,0.));
#1610 = CIRCLE('',#1611,0.45);
#1611 = AXIS2_PLACEMENT_3D('',#1612,#1613,#1614);
#1612 = CARTESIAN_POINT('',(45.935913,37.351689,0.));
#1613 = DIRECTION('',(-0.,0.,-1.));
#1614 = DIRECTION('',(-0.,-1.,0.));
#1615 = FACE_BOUND('',#1616,.F.);
#1616 = EDGE_LOOP('',(#1617));
#1617 = ORIENTED_EDGE('',*,*,#1618,.T.);
#1618 = EDGE_CURVE('',#1619,#1619,#1621,.T.);
#1619 = VERTEX_POINT('',#1620);
#1620 = CARTESIAN_POINT('',(46.137587,41.803145,0.));
#1621 = CIRCLE('',#1622,0.55);
#1622 = AXIS2_PLACEMENT_3D('',#1623,#1624,#1625);
#1623 = CARTESIAN_POINT('',(46.137587,42.353145,0.));
#1624 = DIRECTION('',(-0.,0.,-1.));
#1625 = DIRECTION('',(1.2918958832E-14,-1.,-0.));
#1626 = FACE_BOUND('',#1627,.F.);
#1627 = EDGE_LOOP('',(#1628));
#1628 = ORIENTED_EDGE('',*,*,#1629,.T.);
#1629 = EDGE_CURVE('',#1630,#1630,#1632,.T.);
#1630 = VERTEX_POINT('',#1631);
#1631 = CARTESIAN_POINT('',(49.126171,41.591678,0.));
#1632 = CIRCLE('',#1633,0.5);
#1633 = AXIS2_PLACEMENT_3D('',#1634,#1635,#1636);
#1634 = CARTESIAN_POINT('',(49.126171,42.091678,0.));
#1635 = DIRECTION('',(-0.,0.,-1.));
#1636 = DIRECTION('',(-0.,-1.,0.));
#1637 = FACE_BOUND('',#1638,.F.);
#1638 = EDGE_LOOP('',(#1639));
#1639 = ORIENTED_EDGE('',*,*,#1640,.T.);
#1640 = EDGE_CURVE('',#1641,#1641,#1643,.T.);
#1641 = VERTEX_POINT('',#1642);
#1642 = CARTESIAN_POINT('',(53.,35.6,0.));
#1643 = CIRCLE('',#1644,0.4);
#1644 = AXIS2_PLACEMENT_3D('',#1645,#1646,#1647);
#1645 = CARTESIAN_POINT('',(53.,36.,0.));
#1646 = DIRECTION('',(-0.,0.,-1.));
#1647 = DIRECTION('',(-0.,-1.,0.));
#1648 = FACE_BOUND('',#1649,.F.);
#1649 = EDGE_LOOP('',(#1650));
#1650 = ORIENTED_EDGE('',*,*,#1651,.T.);
#1651 = EDGE_CURVE('',#1652,#1652,#1654,.T.);
#1652 = VERTEX_POINT('',#1653);
#1653 = CARTESIAN_POINT('',(55.,35.6,0.));
#1654 = CIRCLE('',#1655,0.4);
#1655 = AXIS2_PLACEMENT_3D('',#1656,#1657,#1658);
#1656 = CARTESIAN_POINT('',(55.,36.,0.));
#1657 = DIRECTION('',(-0.,0.,-1.));
#1658 = DIRECTION('',(-0.,-1.,0.));
#1659 = FACE_BOUND('',#1660,.F.);
#1660 = EDGE_LOOP('',(#1661));
#1661 = ORIENTED_EDGE('',*,*,#1662,.T.);
#1662 = EDGE_CURVE('',#1663,#1663,#1665,.T.);
#1663 = VERTEX_POINT('',#1664);
#1664 = CARTESIAN_POINT('',(57.,35.6,0.));
#1665 = CIRCLE('',#1666,0.4);
#1666 = AXIS2_PLACEMENT_3D('',#1667,#1668,#1669);
#1667 = CARTESIAN_POINT('',(57.,36.,0.));
#1668 = DIRECTION('',(-0.,0.,-1.));
#1669 = DIRECTION('',(-0.,-1.,0.));
#1670 = FACE_BOUND('',#1671,.F.);
#1671 = EDGE_LOOP('',(#1672));
#1672 = ORIENTED_EDGE('',*,*,#1673,.T.);
#1673 = EDGE_CURVE('',#1674,#1674,#1676,.T.);
#1674 = VERTEX_POINT('',#1675);
#1675 = CARTESIAN_POINT('',(59.,35.6,0.));
#1676 = CIRCLE('',#1677,0.4);
#1677 = AXIS2_PLACEMENT_3D('',#1678,#1679,#1680);
#1678 = CARTESIAN_POINT('',(59.,36.,0.));
#1679 = DIRECTION('',(-0.,0.,-1.));
#1680 = DIRECTION('',(-0.,-1.,0.));
#1681 = PLANE('',#1682);
#1682 = AXIS2_PLACEMENT_3D('',#1683,#1684,#1685);
#1683 = CARTESIAN_POINT('',(0.,0.,0.));
#1684 = DIRECTION('',(0.,0.,1.));
#1685 = DIRECTION('',(1.,0.,-0.));
#1686 = ADVANCED_FACE('',(#1687,#1764,#1775,#1786,#1797,#1808,#1819,
    #1830,#1841,#1852,#1863,#1874,#1885,#1896,#1907,#1918,#1929,#1940,
    #1951,#1962,#1973,#1984,#2018,#2029,#2040,#2051,#2062,#2073,#2084,
    #2095,#2106,#2117,#2128,#2139,#2150,#2161,#2172,#2183,#2194,#2205,
    #2216,#2227,#2238,#2249,#2260,#2271,#2282,#2293,#2304,#2315,#2326,
    #2337,#2348,#2359,#2370,#2381,#2392,#2403,#2414,#2425,#2436,#2447,
    #2458,#2469,#2480,#2491,#2502,#2513,#2524,#2535,#2546,#2557,#2568,
    #2579,#2590,#2601,#2612,#2623,#2634,#2645,#2656,#2667,#2678,#2689,
    #2700,#2711,#2722,#2733,#2744,#2755,#2766,#2777,#2788,#2799,#2810,
    #2821,#2832,#2843,#2854,#2865,#2876,#2887,#2898,#2909,#2920,#2931,
    #2942,#2953,#2964,#2975,#2986,#2997,#3008,#3019,#3030,#3041,#3052,
    #3063,#3074,#3085,#3096,#3107,#3118,#3129,#3140,#3151,#3162,#3173,
    #3184,#3195,#3206,#3217),#3228,.T.);
#1687 = FACE_BOUND('',#1688,.T.);
#1688 = EDGE_LOOP('',(#1689,#1690,#1691,#1699,#1708,#1716,#1724,#1732,
    #1740,#1748,#1757,#1763));
#1689 = ORIENTED_EDGE('',*,*,#49,.F.);
#1690 = ORIENTED_EDGE('',*,*,#91,.F.);
#1691 = ORIENTED_EDGE('',*,*,#1692,.F.);
#1692 = EDGE_CURVE('',#1693,#84,#1695,.T.);
#1693 = VERTEX_POINT('',#1694);
#1694 = CARTESIAN_POINT('',(-1.5,-40.,1.51));
#1695 = LINE('',#1696,#1697);
#1696 = CARTESIAN_POINT('',(-1.5,-40.,1.51));
#1697 = VECTOR('',#1698,1.);
#1698 = DIRECTION('',(0.,1.,0.));
#1699 = ORIENTED_EDGE('',*,*,#1700,.F.);
#1700 = EDGE_CURVE('',#1701,#1693,#1703,.T.);
#1701 = VERTEX_POINT('',#1702);
#1702 = CARTESIAN_POINT('',(-3.176373552204E-22,-41.5,1.51));
#1703 = CIRCLE('',#1704,1.500000586493);
#1704 = AXIS2_PLACEMENT_3D('',#1705,#1706,#1707);
#1705 = CARTESIAN_POINT('',(5.86493274557E-07,-39.9999994135,1.51));
#1706 = DIRECTION('',(0.,0.,-1.));
#1707 = DIRECTION('',(-3.909953634938E-07,-1.,-0.));
#1708 = ORIENTED_EDGE('',*,*,#1709,.F.);
#1709 = EDGE_CURVE('',#1710,#1701,#1712,.T.);
#1710 = VERTEX_POINT('',#1711);
#1711 = CARTESIAN_POINT('',(5.5,-41.5,1.51));
#1712 = LINE('',#1713,#1714);
#1713 = CARTESIAN_POINT('',(5.5,-41.5,1.51));
#1714 = VECTOR('',#1715,1.);
#1715 = DIRECTION('',(-1.,0.,0.));
#1716 = ORIENTED_EDGE('',*,*,#1717,.F.);
#1717 = EDGE_CURVE('',#1718,#1710,#1720,.T.);
#1718 = VERTEX_POINT('',#1719);
#1719 = CARTESIAN_POINT('',(7.,-40.,1.51));
#1720 = LINE('',#1721,#1722);
#1721 = CARTESIAN_POINT('',(7.,-40.,1.51));
#1722 = VECTOR('',#1723,1.);
#1723 = DIRECTION('',(-0.707106781187,-0.707106781187,0.));
#1724 = ORIENTED_EDGE('',*,*,#1725,.F.);
#1725 = EDGE_CURVE('',#1726,#1718,#1728,.T.);
#1726 = VERTEX_POINT('',#1727);
#1727 = CARTESIAN_POINT('',(13.,-40.,1.51));
#1728 = LINE('',#1729,#1730);
#1729 = CARTESIAN_POINT('',(13.,-40.,1.51));
#1730 = VECTOR('',#1731,1.);
#1731 = DIRECTION('',(-1.,0.,0.));
#1732 = ORIENTED_EDGE('',*,*,#1733,.F.);
#1733 = EDGE_CURVE('',#1734,#1726,#1736,.T.);
#1734 = VERTEX_POINT('',#1735);
#1735 = CARTESIAN_POINT('',(14.5,-41.5,1.51));
#1736 = LINE('',#1737,#1738);
#1737 = CARTESIAN_POINT('',(14.5,-41.5,1.51));
#1738 = VECTOR('',#1739,1.);
#1739 = DIRECTION('',(-0.707106781187,0.707106781187,0.));
#1740 = ORIENTED_EDGE('',*,*,#1741,.F.);
#1741 = EDGE_CURVE('',#1742,#1734,#1744,.T.);
#1742 = VERTEX_POINT('',#1743);
#1743 = CARTESIAN_POINT('',(54.,-41.5,1.51));
#1744 = LINE('',#1745,#1746);
#1745 = CARTESIAN_POINT('',(54.,-41.5,1.51));
#1746 = VECTOR('',#1747,1.);
#1747 = DIRECTION('',(-1.,0.,0.));
#1748 = ORIENTED_EDGE('',*,*,#1749,.F.);
#1749 = EDGE_CURVE('',#1750,#1742,#1752,.T.);
#1750 = VERTEX_POINT('',#1751);
#1751 = CARTESIAN_POINT('',(55.5,-40.,1.51));
#1752 = CIRCLE('',#1753,1.500000586493);
#1753 = AXIS2_PLACEMENT_3D('',#1754,#1755,#1756);
#1754 = CARTESIAN_POINT('',(53.999999413507,-39.9999994135,1.51));
#1755 = DIRECTION('',(0.,0.,-1.));
#1756 = DIRECTION('',(1.,-3.909953663434E-07,0.));
#1757 = ORIENTED_EDGE('',*,*,#1758,.F.);
#1758 = EDGE_CURVE('',#114,#1750,#1759,.T.);
#1759 = LINE('',#1760,#1761);
#1760 = CARTESIAN_POINT('',(55.5,33.5,1.51));
#1761 = VECTOR('',#1762,1.);
#1762 = DIRECTION('',(0.,-1.,0.));
#1763 = ORIENTED_EDGE('',*,*,#113,.F.);
#1764 = FACE_BOUND('',#1765,.T.);
#1765 = EDGE_LOOP('',(#1766));
#1766 = ORIENTED_EDGE('',*,*,#1767,.T.);
#1767 = EDGE_CURVE('',#1768,#1768,#1770,.T.);
#1768 = VERTEX_POINT('',#1769);
#1769 = CARTESIAN_POINT('',(8.5,-38.78,1.51));
#1770 = CIRCLE('',#1771,0.45);
#1771 = AXIS2_PLACEMENT_3D('',#1772,#1773,#1774);
#1772 = CARTESIAN_POINT('',(8.5,-38.33,1.51));
#1773 = DIRECTION('',(-0.,0.,-1.));
#1774 = DIRECTION('',(-0.,-1.,0.));
#1775 = FACE_BOUND('',#1776,.T.);
#1776 = EDGE_LOOP('',(#1777));
#1777 = ORIENTED_EDGE('',*,*,#1778,.F.);
#1778 = EDGE_CURVE('',#1779,#1779,#1781,.T.);
#1779 = VERTEX_POINT('',#1780);
#1780 = CARTESIAN_POINT('',(11.5,-30.3,1.51));
#1781 = CIRCLE('',#1782,1.5);
#1782 = AXIS2_PLACEMENT_3D('',#1783,#1784,#1785);
#1783 = CARTESIAN_POINT('',(10.,-30.3,1.51));
#1784 = DIRECTION('',(0.,0.,1.));
#1785 = DIRECTION('',(1.,0.,-0.));
#1786 = FACE_BOUND('',#1787,.T.);
#1787 = EDGE_LOOP('',(#1788));
#1788 = ORIENTED_EDGE('',*,*,#1789,.T.);
#1789 = EDGE_CURVE('',#1790,#1790,#1792,.T.);
#1790 = VERTEX_POINT('',#1791);
#1791 = CARTESIAN_POINT('',(11.5,-38.78,1.51));
#1792 = CIRCLE('',#1793,0.45);
#1793 = AXIS2_PLACEMENT_3D('',#1794,#1795,#1796);
#1794 = CARTESIAN_POINT('',(11.5,-38.33,1.51));
#1795 = DIRECTION('',(-0.,0.,-1.));
#1796 = DIRECTION('',(-0.,-1.,0.));
#1797 = FACE_BOUND('',#1798,.T.);
#1798 = EDGE_LOOP('',(#1799));
#1799 = ORIENTED_EDGE('',*,*,#1800,.T.);
#1800 = EDGE_CURVE('',#1801,#1801,#1803,.T.);
#1801 = VERTEX_POINT('',#1802);
#1802 = CARTESIAN_POINT('',(15.3,-32.6,1.51));
#1803 = CIRCLE('',#1804,1.1);
#1804 = AXIS2_PLACEMENT_3D('',#1805,#1806,#1807);
#1805 = CARTESIAN_POINT('',(15.3,-31.5,1.51));
#1806 = DIRECTION('',(-0.,0.,-1.));
#1807 = DIRECTION('',(1.614869854E-15,-1.,-0.));
#1808 = FACE_BOUND('',#1809,.T.);
#1809 = EDGE_LOOP('',(#1810));
#1810 = ORIENTED_EDGE('',*,*,#1811,.F.);
#1811 = EDGE_CURVE('',#1812,#1812,#1814,.T.);
#1812 = VERTEX_POINT('',#1813);
#1813 = CARTESIAN_POINT('',(11.5,-9.7,1.51));
#1814 = CIRCLE('',#1815,1.5);
#1815 = AXIS2_PLACEMENT_3D('',#1816,#1817,#1818);
#1816 = CARTESIAN_POINT('',(10.,-9.7,1.51));
#1817 = DIRECTION('',(0.,0.,1.));
#1818 = DIRECTION('',(1.,0.,-0.));
#1819 = FACE_BOUND('',#1820,.T.);
#1820 = EDGE_LOOP('',(#1821));
#1821 = ORIENTED_EDGE('',*,*,#1822,.T.);
#1822 = EDGE_CURVE('',#1823,#1823,#1825,.T.);
#1823 = VERTEX_POINT('',#1824);
#1824 = CARTESIAN_POINT('',(9.,-2.79,1.51));
#1825 = CIRCLE('',#1826,0.5);
#1826 = AXIS2_PLACEMENT_3D('',#1827,#1828,#1829);
#1827 = CARTESIAN_POINT('',(9.,-2.29,1.51));
#1828 = DIRECTION('',(-0.,0.,-1.));
#1829 = DIRECTION('',(-0.,-1.,0.));
#1830 = FACE_BOUND('',#1831,.T.);
#1831 = EDGE_LOOP('',(#1832));
#1832 = ORIENTED_EDGE('',*,*,#1833,.T.);
#1833 = EDGE_CURVE('',#1834,#1834,#1836,.T.);
#1834 = VERTEX_POINT('',#1835);
#1835 = CARTESIAN_POINT('',(9.,-0.25,1.51));
#1836 = CIRCLE('',#1837,0.5);
#1837 = AXIS2_PLACEMENT_3D('',#1838,#1839,#1840);
#1838 = CARTESIAN_POINT('',(9.,0.25,1.51));
#1839 = DIRECTION('',(-0.,0.,-1.));
#1840 = DIRECTION('',(-0.,-1.,0.));
#1841 = FACE_BOUND('',#1842,.T.);
#1842 = EDGE_LOOP('',(#1843));
#1843 = ORIENTED_EDGE('',*,*,#1844,.T.);
#1844 = EDGE_CURVE('',#1845,#1845,#1847,.T.);
#1845 = VERTEX_POINT('',#1846);
#1846 = CARTESIAN_POINT('',(15.3,-8.6,1.51));
#1847 = CIRCLE('',#1848,1.1);
#1848 = AXIS2_PLACEMENT_3D('',#1849,#1850,#1851);
#1849 = CARTESIAN_POINT('',(15.3,-7.5,1.51));
#1850 = DIRECTION('',(-0.,0.,-1.));
#1851 = DIRECTION('',(1.614869854E-15,-1.,-0.));
#1852 = FACE_BOUND('',#1853,.T.);
#1853 = EDGE_LOOP('',(#1854));
#1854 = ORIENTED_EDGE('',*,*,#1855,.T.);
#1855 = EDGE_CURVE('',#1856,#1856,#1858,.T.);
#1856 = VERTEX_POINT('',#1857);
#1857 = CARTESIAN_POINT('',(23.19,-7.569,1.51));
#1858 = CIRCLE('',#1859,0.5);
#1859 = AXIS2_PLACEMENT_3D('',#1860,#1861,#1862);
#1860 = CARTESIAN_POINT('',(23.19,-7.069,1.51));
#1861 = DIRECTION('',(-0.,0.,-1.));
#1862 = DIRECTION('',(-0.,-1.,0.));
#1863 = FACE_BOUND('',#1864,.T.);
#1864 = EDGE_LOOP('',(#1865));
#1865 = ORIENTED_EDGE('',*,*,#1866,.T.);
#1866 = EDGE_CURVE('',#1867,#1867,#1869,.T.);
#1867 = VERTEX_POINT('',#1868);
#1868 = CARTESIAN_POINT('',(25.73,-7.569,1.51));
#1869 = CIRCLE('',#1870,0.5);
#1870 = AXIS2_PLACEMENT_3D('',#1871,#1872,#1873);
#1871 = CARTESIAN_POINT('',(25.73,-7.069,1.51));
#1872 = DIRECTION('',(-0.,0.,-1.));
#1873 = DIRECTION('',(-0.,-1.,0.));
#1874 = FACE_BOUND('',#1875,.T.);
#1875 = EDGE_LOOP('',(#1876));
#1876 = ORIENTED_EDGE('',*,*,#1877,.T.);
#1877 = EDGE_CURVE('',#1878,#1878,#1880,.T.);
#1878 = VERTEX_POINT('',#1879);
#1879 = CARTESIAN_POINT('',(14.3,0.455,1.51));
#1880 = CIRCLE('',#1881,0.5);
#1881 = AXIS2_PLACEMENT_3D('',#1882,#1883,#1884);
#1882 = CARTESIAN_POINT('',(14.3,0.955,1.51));
#1883 = DIRECTION('',(-0.,0.,-1.));
#1884 = DIRECTION('',(-0.,-1.,0.));
#1885 = FACE_BOUND('',#1886,.T.);
#1886 = EDGE_LOOP('',(#1887));
#1887 = ORIENTED_EDGE('',*,*,#1888,.T.);
#1888 = EDGE_CURVE('',#1889,#1889,#1891,.T.);
#1889 = VERTEX_POINT('',#1890);
#1890 = CARTESIAN_POINT('',(18.5,-2.4,1.51));
#1891 = CIRCLE('',#1892,0.4);
#1892 = AXIS2_PLACEMENT_3D('',#1893,#1894,#1895);
#1893 = CARTESIAN_POINT('',(18.5,-2.,1.51));
#1894 = DIRECTION('',(-0.,0.,-1.));
#1895 = DIRECTION('',(-0.,-1.,0.));
#1896 = FACE_BOUND('',#1897,.T.);
#1897 = EDGE_LOOP('',(#1898));
#1898 = ORIENTED_EDGE('',*,*,#1899,.T.);
#1899 = EDGE_CURVE('',#1900,#1900,#1902,.T.);
#1900 = VERTEX_POINT('',#1901);
#1901 = CARTESIAN_POINT('',(14.3,2.995,1.51));
#1902 = CIRCLE('',#1903,0.5);
#1903 = AXIS2_PLACEMENT_3D('',#1904,#1905,#1906);
#1904 = CARTESIAN_POINT('',(14.3,3.495,1.51));
#1905 = DIRECTION('',(-0.,0.,-1.));
#1906 = DIRECTION('',(-0.,-1.,0.));
#1907 = FACE_BOUND('',#1908,.T.);
#1908 = EDGE_LOOP('',(#1909));
#1909 = ORIENTED_EDGE('',*,*,#1910,.T.);
#1910 = EDGE_CURVE('',#1911,#1911,#1913,.T.);
#1911 = VERTEX_POINT('',#1912);
#1912 = CARTESIAN_POINT('',(14.3,5.535,1.51));
#1913 = CIRCLE('',#1914,0.5);
#1914 = AXIS2_PLACEMENT_3D('',#1915,#1916,#1917);
#1915 = CARTESIAN_POINT('',(14.3,6.035,1.51));
#1916 = DIRECTION('',(-0.,0.,-1.));
#1917 = DIRECTION('',(-0.,-1.,0.));
#1918 = FACE_BOUND('',#1919,.T.);
#1919 = EDGE_LOOP('',(#1920));
#1920 = ORIENTED_EDGE('',*,*,#1921,.T.);
#1921 = EDGE_CURVE('',#1922,#1922,#1924,.T.);
#1922 = VERTEX_POINT('',#1923);
#1923 = CARTESIAN_POINT('',(18.1016,2.0334,1.51));
#1924 = CIRCLE('',#1925,0.5);
#1925 = AXIS2_PLACEMENT_3D('',#1926,#1927,#1928);
#1926 = CARTESIAN_POINT('',(18.1016,2.5334,1.51));
#1927 = DIRECTION('',(-0.,0.,-1.));
#1928 = DIRECTION('',(-0.,-1.,0.));
#1929 = FACE_BOUND('',#1930,.T.);
#1930 = EDGE_LOOP('',(#1931));
#1931 = ORIENTED_EDGE('',*,*,#1932,.T.);
#1932 = EDGE_CURVE('',#1933,#1933,#1935,.T.);
#1933 = VERTEX_POINT('',#1934);
#1934 = CARTESIAN_POINT('',(20.5,-2.4,1.51));
#1935 = CIRCLE('',#1936,0.4);
#1936 = AXIS2_PLACEMENT_3D('',#1937,#1938,#1939);
#1937 = CARTESIAN_POINT('',(20.5,-2.,1.51));
#1938 = DIRECTION('',(-0.,0.,-1.));
#1939 = DIRECTION('',(-0.,-1.,0.));
#1940 = FACE_BOUND('',#1941,.T.);
#1941 = EDGE_LOOP('',(#1942));
#1942 = ORIENTED_EDGE('',*,*,#1943,.T.);
#1943 = EDGE_CURVE('',#1944,#1944,#1946,.T.);
#1944 = VERTEX_POINT('',#1945);
#1945 = CARTESIAN_POINT('',(26.,-2.4,1.51));
#1946 = CIRCLE('',#1947,0.4);
#1947 = AXIS2_PLACEMENT_3D('',#1948,#1949,#1950);
#1948 = CARTESIAN_POINT('',(26.,-2.,1.51));
#1949 = DIRECTION('',(-0.,0.,-1.));
#1950 = DIRECTION('',(-0.,-1.,0.));
#1951 = FACE_BOUND('',#1952,.T.);
#1952 = EDGE_LOOP('',(#1953));
#1953 = ORIENTED_EDGE('',*,*,#1954,.T.);
#1954 = EDGE_CURVE('',#1955,#1955,#1957,.T.);
#1955 = VERTEX_POINT('',#1956);
#1956 = CARTESIAN_POINT('',(20.6416,2.0334,1.51));
#1957 = CIRCLE('',#1958,0.5);
#1958 = AXIS2_PLACEMENT_3D('',#1959,#1960,#1961);
#1959 = CARTESIAN_POINT('',(20.6416,2.5334,1.51));
#1960 = DIRECTION('',(-0.,0.,-1.));
#1961 = DIRECTION('',(-0.,-1.,0.));
#1962 = FACE_BOUND('',#1963,.T.);
#1963 = EDGE_LOOP('',(#1964));
#1964 = ORIENTED_EDGE('',*,*,#1965,.T.);
#1965 = EDGE_CURVE('',#1966,#1966,#1968,.T.);
#1966 = VERTEX_POINT('',#1967);
#1967 = CARTESIAN_POINT('',(23.1816,2.0334,1.51));
#1968 = CIRCLE('',#1969,0.5);
#1969 = AXIS2_PLACEMENT_3D('',#1970,#1971,#1972);
#1970 = CARTESIAN_POINT('',(23.1816,2.5334,1.51));
#1971 = DIRECTION('',(-0.,0.,-1.));
#1972 = DIRECTION('',(-0.,-1.,0.));
#1973 = FACE_BOUND('',#1974,.T.);
#1974 = EDGE_LOOP('',(#1975));
#1975 = ORIENTED_EDGE('',*,*,#1976,.T.);
#1976 = EDGE_CURVE('',#1977,#1977,#1979,.T.);
#1977 = VERTEX_POINT('',#1978);
#1978 = CARTESIAN_POINT('',(25.7216,2.0334,1.51));
#1979 = CIRCLE('',#1980,0.5);
#1980 = AXIS2_PLACEMENT_3D('',#1981,#1982,#1983);
#1981 = CARTESIAN_POINT('',(25.7216,2.5334,1.51));
#1982 = DIRECTION('',(-0.,0.,-1.));
#1983 = DIRECTION('',(-0.,-1.,0.));
#1984 = FACE_BOUND('',#1985,.T.);
#1985 = EDGE_LOOP('',(#1986,#1996,#2004,#2012));
#1986 = ORIENTED_EDGE('',*,*,#1987,.F.);
#1987 = EDGE_CURVE('',#1988,#1990,#1992,.T.);
#1988 = VERTEX_POINT('',#1989);
#1989 = CARTESIAN_POINT('',(17.5,-33.5,1.51));
#1990 = VERTEX_POINT('',#1991);
#1991 = CARTESIAN_POINT('',(36.5,-33.5,1.51));
#1992 = LINE('',#1993,#1994);
#1993 = CARTESIAN_POINT('',(17.5,-33.5,1.51));
#1994 = VECTOR('',#1995,1.);
#1995 = DIRECTION('',(1.,0.,0.));
#1996 = ORIENTED_EDGE('',*,*,#1997,.F.);
#1997 = EDGE_CURVE('',#1998,#1988,#2000,.T.);
#1998 = VERTEX_POINT('',#1999);
#1999 = CARTESIAN_POINT('',(17.5,-31.5,1.51));
#2000 = LINE('',#2001,#2002);
#2001 = CARTESIAN_POINT('',(17.5,-31.5,1.51));
#2002 = VECTOR('',#2003,1.);
#2003 = DIRECTION('',(0.,-1.,0.));
#2004 = ORIENTED_EDGE('',*,*,#2005,.F.);
#2005 = EDGE_CURVE('',#2006,#1998,#2008,.T.);
#2006 = VERTEX_POINT('',#2007);
#2007 = CARTESIAN_POINT('',(36.5,-31.5,1.51));
#2008 = LINE('',#2009,#2010);
#2009 = CARTESIAN_POINT('',(36.5,-31.5,1.51));
#2010 = VECTOR('',#2011,1.);
#2011 = DIRECTION('',(-1.,0.,0.));
#2012 = ORIENTED_EDGE('',*,*,#2013,.F.);
#2013 = EDGE_CURVE('',#1990,#2006,#2014,.T.);
#2014 = LINE('',#2015,#2016);
#2015 = CARTESIAN_POINT('',(36.5,-33.5,1.51));
#2016 = VECTOR('',#2017,1.);
#2017 = DIRECTION('',(0.,1.,0.));
#2018 = FACE_BOUND('',#2019,.T.);
#2019 = EDGE_LOOP('',(#2020));
#2020 = ORIENTED_EDGE('',*,*,#2021,.T.);
#2021 = EDGE_CURVE('',#2022,#2022,#2024,.T.);
#2022 = VERTEX_POINT('',#2023);
#2023 = CARTESIAN_POINT('',(38.7,-32.6,1.51));
#2024 = CIRCLE('',#2025,1.1);
#2025 = AXIS2_PLACEMENT_3D('',#2026,#2027,#2028);
#2026 = CARTESIAN_POINT('',(38.7,-31.5,1.51));
#2027 = DIRECTION('',(-0.,0.,-1.));
#2028 = DIRECTION('',(-0.,-1.,0.));
#2029 = FACE_BOUND('',#2030,.T.);
#2030 = EDGE_LOOP('',(#2031));
#2031 = ORIENTED_EDGE('',*,*,#2032,.F.);
#2032 = EDGE_CURVE('',#2033,#2033,#2035,.T.);
#2033 = VERTEX_POINT('',#2034);
#2034 = CARTESIAN_POINT('',(45.5,-30.3,1.51));
#2035 = CIRCLE('',#2036,1.5);
#2036 = AXIS2_PLACEMENT_3D('',#2037,#2038,#2039);
#2037 = CARTESIAN_POINT('',(44.,-30.3,1.51));
#2038 = DIRECTION('',(0.,0.,1.));
#2039 = DIRECTION('',(1.,0.,-0.));
#2040 = FACE_BOUND('',#2041,.T.);
#2041 = EDGE_LOOP('',(#2042));
#2042 = ORIENTED_EDGE('',*,*,#2043,.T.);
#2043 = EDGE_CURVE('',#2044,#2044,#2046,.T.);
#2044 = VERTEX_POINT('',#2045);
#2045 = CARTESIAN_POINT('',(28.27,-7.569,1.51));
#2046 = CIRCLE('',#2047,0.5);
#2047 = AXIS2_PLACEMENT_3D('',#2048,#2049,#2050);
#2048 = CARTESIAN_POINT('',(28.27,-7.069,1.51));
#2049 = DIRECTION('',(-0.,0.,-1.));
#2050 = DIRECTION('',(-0.,-1.,0.));
#2051 = FACE_BOUND('',#2052,.T.);
#2052 = EDGE_LOOP('',(#2053));
#2053 = ORIENTED_EDGE('',*,*,#2054,.T.);
#2054 = EDGE_CURVE('',#2055,#2055,#2057,.T.);
#2055 = VERTEX_POINT('',#2056);
#2056 = CARTESIAN_POINT('',(30.81,-7.569,1.51));
#2057 = CIRCLE('',#2058,0.5);
#2058 = AXIS2_PLACEMENT_3D('',#2059,#2060,#2061);
#2059 = CARTESIAN_POINT('',(30.81,-7.069,1.51));
#2060 = DIRECTION('',(-0.,0.,-1.));
#2061 = DIRECTION('',(-0.,-1.,0.));
#2062 = FACE_BOUND('',#2063,.T.);
#2063 = EDGE_LOOP('',(#2064));
#2064 = ORIENTED_EDGE('',*,*,#2065,.T.);
#2065 = EDGE_CURVE('',#2066,#2066,#2068,.T.);
#2066 = VERTEX_POINT('',#2067);
#2067 = CARTESIAN_POINT('',(38.7,-8.6,1.51));
#2068 = CIRCLE('',#2069,1.1);
#2069 = AXIS2_PLACEMENT_3D('',#2070,#2071,#2072);
#2070 = CARTESIAN_POINT('',(38.7,-7.5,1.51));
#2071 = DIRECTION('',(-0.,0.,-1.));
#2072 = DIRECTION('',(-0.,-1.,0.));
#2073 = FACE_BOUND('',#2074,.T.);
#2074 = EDGE_LOOP('',(#2075));
#2075 = ORIENTED_EDGE('',*,*,#2076,.T.);
#2076 = EDGE_CURVE('',#2077,#2077,#2079,.T.);
#2077 = VERTEX_POINT('',#2078);
#2078 = CARTESIAN_POINT('',(28.,-2.4,1.51));
#2079 = CIRCLE('',#2080,0.4);
#2080 = AXIS2_PLACEMENT_3D('',#2081,#2082,#2083);
#2081 = CARTESIAN_POINT('',(28.,-2.,1.51));
#2082 = DIRECTION('',(-0.,0.,-1.));
#2083 = DIRECTION('',(-0.,-1.,0.));
#2084 = FACE_BOUND('',#2085,.T.);
#2085 = EDGE_LOOP('',(#2086));
#2086 = ORIENTED_EDGE('',*,*,#2087,.T.);
#2087 = EDGE_CURVE('',#2088,#2088,#2090,.T.);
#2088 = VERTEX_POINT('',#2089);
#2089 = CARTESIAN_POINT('',(33.5,-2.4,1.51));
#2090 = CIRCLE('',#2091,0.4);
#2091 = AXIS2_PLACEMENT_3D('',#2092,#2093,#2094);
#2092 = CARTESIAN_POINT('',(33.5,-2.,1.51));
#2093 = DIRECTION('',(-0.,0.,-1.));
#2094 = DIRECTION('',(-0.,-1.,0.));
#2095 = FACE_BOUND('',#2096,.T.);
#2096 = EDGE_LOOP('',(#2097));
#2097 = ORIENTED_EDGE('',*,*,#2098,.T.);
#2098 = EDGE_CURVE('',#2099,#2099,#2101,.T.);
#2099 = VERTEX_POINT('',#2100);
#2100 = CARTESIAN_POINT('',(28.2616,2.0334,1.51));
#2101 = CIRCLE('',#2102,0.5);
#2102 = AXIS2_PLACEMENT_3D('',#2103,#2104,#2105);
#2103 = CARTESIAN_POINT('',(28.2616,2.5334,1.51));
#2104 = DIRECTION('',(-0.,0.,-1.));
#2105 = DIRECTION('',(-0.,-1.,0.));
#2106 = FACE_BOUND('',#2107,.T.);
#2107 = EDGE_LOOP('',(#2108));
#2108 = ORIENTED_EDGE('',*,*,#2109,.T.);
#2109 = EDGE_CURVE('',#2110,#2110,#2112,.T.);
#2110 = VERTEX_POINT('',#2111);
#2111 = CARTESIAN_POINT('',(30.8016,2.0334,1.51));
#2112 = CIRCLE('',#2113,0.5);
#2113 = AXIS2_PLACEMENT_3D('',#2114,#2115,#2116);
#2114 = CARTESIAN_POINT('',(30.8016,2.5334,1.51));
#2115 = DIRECTION('',(-0.,0.,-1.));
#2116 = DIRECTION('',(-0.,-1.,0.));
#2117 = FACE_BOUND('',#2118,.T.);
#2118 = EDGE_LOOP('',(#2119));
#2119 = ORIENTED_EDGE('',*,*,#2120,.T.);
#2120 = EDGE_CURVE('',#2121,#2121,#2123,.T.);
#2121 = VERTEX_POINT('',#2122);
#2122 = CARTESIAN_POINT('',(33.3416,2.0334,1.51));
#2123 = CIRCLE('',#2124,0.5);
#2124 = AXIS2_PLACEMENT_3D('',#2125,#2126,#2127);
#2125 = CARTESIAN_POINT('',(33.3416,2.5334,1.51));
#2126 = DIRECTION('',(-0.,0.,-1.));
#2127 = DIRECTION('',(-0.,-1.,0.));
#2128 = FACE_BOUND('',#2129,.T.);
#2129 = EDGE_LOOP('',(#2130));
#2130 = ORIENTED_EDGE('',*,*,#2131,.T.);
#2131 = EDGE_CURVE('',#2132,#2132,#2134,.T.);
#2132 = VERTEX_POINT('',#2133);
#2133 = CARTESIAN_POINT('',(35.5,-2.4,1.51));
#2134 = CIRCLE('',#2135,0.4);
#2135 = AXIS2_PLACEMENT_3D('',#2136,#2137,#2138);
#2136 = CARTESIAN_POINT('',(35.5,-2.,1.51));
#2137 = DIRECTION('',(-0.,0.,-1.));
#2138 = DIRECTION('',(-0.,-1.,0.));
#2139 = FACE_BOUND('',#2140,.T.);
#2140 = EDGE_LOOP('',(#2141));
#2141 = ORIENTED_EDGE('',*,*,#2142,.T.);
#2142 = EDGE_CURVE('',#2143,#2143,#2145,.T.);
#2143 = VERTEX_POINT('',#2144);
#2144 = CARTESIAN_POINT('',(39.7,0.455,1.51));
#2145 = CIRCLE('',#2146,0.5);
#2146 = AXIS2_PLACEMENT_3D('',#2147,#2148,#2149);
#2147 = CARTESIAN_POINT('',(39.7,0.955,1.51));
#2148 = DIRECTION('',(-0.,0.,-1.));
#2149 = DIRECTION('',(-0.,-1.,0.));
#2150 = FACE_BOUND('',#2151,.T.);
#2151 = EDGE_LOOP('',(#2152));
#2152 = ORIENTED_EDGE('',*,*,#2153,.T.);
#2153 = EDGE_CURVE('',#2154,#2154,#2156,.T.);
#2154 = VERTEX_POINT('',#2155);
#2155 = CARTESIAN_POINT('',(35.8816,2.0334,1.51));
#2156 = CIRCLE('',#2157,0.5);
#2157 = AXIS2_PLACEMENT_3D('',#2158,#2159,#2160);
#2158 = CARTESIAN_POINT('',(35.8816,2.5334,1.51));
#2159 = DIRECTION('',(-0.,0.,-1.));
#2160 = DIRECTION('',(-0.,-1.,0.));
#2161 = FACE_BOUND('',#2162,.T.);
#2162 = EDGE_LOOP('',(#2163));
#2163 = ORIENTED_EDGE('',*,*,#2164,.T.);
#2164 = EDGE_CURVE('',#2165,#2165,#2167,.T.);
#2165 = VERTEX_POINT('',#2166);
#2166 = CARTESIAN_POINT('',(39.7,2.995,1.51));
#2167 = CIRCLE('',#2168,0.5);
#2168 = AXIS2_PLACEMENT_3D('',#2169,#2170,#2171);
#2169 = CARTESIAN_POINT('',(39.7,3.495,1.51));
#2170 = DIRECTION('',(-0.,0.,-1.));
#2171 = DIRECTION('',(-0.,-1.,0.));
#2172 = FACE_BOUND('',#2173,.T.);
#2173 = EDGE_LOOP('',(#2174));
#2174 = ORIENTED_EDGE('',*,*,#2175,.T.);
#2175 = EDGE_CURVE('',#2176,#2176,#2178,.T.);
#2176 = VERTEX_POINT('',#2177);
#2177 = CARTESIAN_POINT('',(39.7,5.535,1.51));
#2178 = CIRCLE('',#2179,0.5);
#2179 = AXIS2_PLACEMENT_3D('',#2180,#2181,#2182);
#2180 = CARTESIAN_POINT('',(39.7,6.035,1.51));
#2181 = DIRECTION('',(-0.,0.,-1.));
#2182 = DIRECTION('',(-0.,-1.,0.));
#2183 = FACE_BOUND('',#2184,.T.);
#2184 = EDGE_LOOP('',(#2185));
#2185 = ORIENTED_EDGE('',*,*,#2186,.F.);
#2186 = EDGE_CURVE('',#2187,#2187,#2189,.T.);
#2187 = VERTEX_POINT('',#2188);
#2188 = CARTESIAN_POINT('',(45.5,-9.7,1.51));
#2189 = CIRCLE('',#2190,1.5);
#2190 = AXIS2_PLACEMENT_3D('',#2191,#2192,#2193);
#2191 = CARTESIAN_POINT('',(44.,-9.7,1.51));
#2192 = DIRECTION('',(0.,0.,1.));
#2193 = DIRECTION('',(1.,0.,-0.));
#2194 = FACE_BOUND('',#2195,.T.);
#2195 = EDGE_LOOP('',(#2196));
#2196 = ORIENTED_EDGE('',*,*,#2197,.T.);
#2197 = EDGE_CURVE('',#2198,#2198,#2200,.T.);
#2198 = VERTEX_POINT('',#2199);
#2199 = CARTESIAN_POINT('',(45.,-2.75,1.51));
#2200 = CIRCLE('',#2201,0.5);
#2201 = AXIS2_PLACEMENT_3D('',#2202,#2203,#2204);
#2202 = CARTESIAN_POINT('',(45.,-2.25,1.51));
#2203 = DIRECTION('',(-0.,0.,-1.));
#2204 = DIRECTION('',(-0.,-1.,0.));
#2205 = FACE_BOUND('',#2206,.T.);
#2206 = EDGE_LOOP('',(#2207));
#2207 = ORIENTED_EDGE('',*,*,#2208,.T.);
#2208 = EDGE_CURVE('',#2209,#2209,#2211,.T.);
#2209 = VERTEX_POINT('',#2210);
#2210 = CARTESIAN_POINT('',(45.,-0.21,1.51));
#2211 = CIRCLE('',#2212,0.5);
#2212 = AXIS2_PLACEMENT_3D('',#2213,#2214,#2215);
#2213 = CARTESIAN_POINT('',(45.,0.29,1.51));
#2214 = DIRECTION('',(-0.,0.,-1.));
#2215 = DIRECTION('',(-0.,-1.,0.));
#2216 = FACE_BOUND('',#2217,.T.);
#2217 = EDGE_LOOP('',(#2218));
#2218 = ORIENTED_EDGE('',*,*,#2219,.F.);
#2219 = EDGE_CURVE('',#2220,#2220,#2222,.T.);
#2220 = VERTEX_POINT('',#2221);
#2221 = CARTESIAN_POINT('',(3.,30.5,1.51));
#2222 = CIRCLE('',#2223,1.5);
#2223 = AXIS2_PLACEMENT_3D('',#2224,#2225,#2226);
#2224 = CARTESIAN_POINT('',(1.5,30.5,1.51));
#2225 = DIRECTION('',(0.,0.,1.));
#2226 = DIRECTION('',(1.,0.,-0.));
#2227 = FACE_BOUND('',#2228,.T.);
#2228 = EDGE_LOOP('',(#2229));
#2229 = ORIENTED_EDGE('',*,*,#2230,.T.);
#2230 = EDGE_CURVE('',#2231,#2231,#2233,.T.);
#2231 = VERTEX_POINT('',#2232);
#2232 = CARTESIAN_POINT('',(14.3,8.075,1.51));
#2233 = CIRCLE('',#2234,0.5);
#2234 = AXIS2_PLACEMENT_3D('',#2235,#2236,#2237);
#2235 = CARTESIAN_POINT('',(14.3,8.575,1.51));
#2236 = DIRECTION('',(-0.,0.,-1.));
#2237 = DIRECTION('',(-0.,-1.,0.));
#2238 = FACE_BOUND('',#2239,.T.);
#2239 = EDGE_LOOP('',(#2240));
#2240 = ORIENTED_EDGE('',*,*,#2241,.T.);
#2241 = EDGE_CURVE('',#2242,#2242,#2244,.T.);
#2242 = VERTEX_POINT('',#2243);
#2243 = CARTESIAN_POINT('',(14.3,10.615,1.51));
#2244 = CIRCLE('',#2245,0.5);
#2245 = AXIS2_PLACEMENT_3D('',#2246,#2247,#2248);
#2246 = CARTESIAN_POINT('',(14.3,11.115,1.51));
#2247 = DIRECTION('',(-0.,0.,-1.));
#2248 = DIRECTION('',(-0.,-1.,0.));
#2249 = FACE_BOUND('',#2250,.T.);
#2250 = EDGE_LOOP('',(#2251));
#2251 = ORIENTED_EDGE('',*,*,#2252,.T.);
#2252 = EDGE_CURVE('',#2253,#2253,#2255,.T.);
#2253 = VERTEX_POINT('',#2254);
#2254 = CARTESIAN_POINT('',(14.3,13.155,1.51));
#2255 = CIRCLE('',#2256,0.5);
#2256 = AXIS2_PLACEMENT_3D('',#2257,#2258,#2259);
#2257 = CARTESIAN_POINT('',(14.3,13.655,1.51));
#2258 = DIRECTION('',(-0.,0.,-1.));
#2259 = DIRECTION('',(-0.,-1.,0.));
#2260 = FACE_BOUND('',#2261,.T.);
#2261 = EDGE_LOOP('',(#2262));
#2262 = ORIENTED_EDGE('',*,*,#2263,.T.);
#2263 = EDGE_CURVE('',#2264,#2264,#2266,.T.);
#2264 = VERTEX_POINT('',#2265);
#2265 = CARTESIAN_POINT('',(14.3,15.695,1.51));
#2266 = CIRCLE('',#2267,0.5);
#2267 = AXIS2_PLACEMENT_3D('',#2268,#2269,#2270);
#2268 = CARTESIAN_POINT('',(14.3,16.195,1.51));
#2269 = DIRECTION('',(-0.,0.,-1.));
#2270 = DIRECTION('',(-0.,-1.,0.));
#2271 = FACE_BOUND('',#2272,.T.);
#2272 = EDGE_LOOP('',(#2273));
#2273 = ORIENTED_EDGE('',*,*,#2274,.T.);
#2274 = EDGE_CURVE('',#2275,#2275,#2277,.T.);
#2275 = VERTEX_POINT('',#2276);
#2276 = CARTESIAN_POINT('',(14.3,18.235,1.51));
#2277 = CIRCLE('',#2278,0.5);
#2278 = AXIS2_PLACEMENT_3D('',#2279,#2280,#2281);
#2279 = CARTESIAN_POINT('',(14.3,18.735,1.51));
#2280 = DIRECTION('',(-0.,0.,-1.));
#2281 = DIRECTION('',(-0.,-1.,0.));
#2282 = FACE_BOUND('',#2283,.T.);
#2283 = EDGE_LOOP('',(#2284));
#2284 = ORIENTED_EDGE('',*,*,#2285,.T.);
#2285 = EDGE_CURVE('',#2286,#2286,#2288,.T.);
#2286 = VERTEX_POINT('',#2287);
#2287 = CARTESIAN_POINT('',(19.38,12.48,1.51));
#2288 = CIRCLE('',#2289,1.6);
#2289 = AXIS2_PLACEMENT_3D('',#2290,#2291,#2292);
#2290 = CARTESIAN_POINT('',(19.38,14.08,1.51));
#2291 = DIRECTION('',(-0.,0.,-1.));
#2292 = DIRECTION('',(-2.22044604925E-15,-1.,0.));
#2293 = FACE_BOUND('',#2294,.T.);
#2294 = EDGE_LOOP('',(#2295));
#2295 = ORIENTED_EDGE('',*,*,#2296,.T.);
#2296 = EDGE_CURVE('',#2297,#2297,#2299,.T.);
#2297 = VERTEX_POINT('',#2298);
#2298 = CARTESIAN_POINT('',(14.3,20.775,1.51));
#2299 = CIRCLE('',#2300,0.5);
#2300 = AXIS2_PLACEMENT_3D('',#2301,#2302,#2303);
#2301 = CARTESIAN_POINT('',(14.3,21.275,1.51));
#2302 = DIRECTION('',(-0.,0.,-1.));
#2303 = DIRECTION('',(-0.,-1.,0.));
#2304 = FACE_BOUND('',#2305,.T.);
#2305 = EDGE_LOOP('',(#2306));
#2306 = ORIENTED_EDGE('',*,*,#2307,.T.);
#2307 = EDGE_CURVE('',#2308,#2308,#2310,.T.);
#2308 = VERTEX_POINT('',#2309);
#2309 = CARTESIAN_POINT('',(14.3,23.315,1.51));
#2310 = CIRCLE('',#2311,0.5);
#2311 = AXIS2_PLACEMENT_3D('',#2312,#2313,#2314);
#2312 = CARTESIAN_POINT('',(14.3,23.815,1.51));
#2313 = DIRECTION('',(-0.,0.,-1.));
#2314 = DIRECTION('',(-0.,-1.,0.));
#2315 = FACE_BOUND('',#2316,.T.);
#2316 = EDGE_LOOP('',(#2317));
#2317 = ORIENTED_EDGE('',*,*,#2318,.T.);
#2318 = EDGE_CURVE('',#2319,#2319,#2321,.T.);
#2319 = VERTEX_POINT('',#2320);
#2320 = CARTESIAN_POINT('',(18.11,19.38,1.51));
#2321 = CIRCLE('',#2322,0.5);
#2322 = AXIS2_PLACEMENT_3D('',#2323,#2324,#2325);
#2323 = CARTESIAN_POINT('',(18.11,19.88,1.51));
#2324 = DIRECTION('',(-0.,0.,-1.));
#2325 = DIRECTION('',(-0.,-1.,0.));
#2326 = FACE_BOUND('',#2327,.T.);
#2327 = EDGE_LOOP('',(#2328));
#2328 = ORIENTED_EDGE('',*,*,#2329,.T.);
#2329 = EDGE_CURVE('',#2330,#2330,#2332,.T.);
#2330 = VERTEX_POINT('',#2331);
#2331 = CARTESIAN_POINT('',(14.3,25.855,1.51));
#2332 = CIRCLE('',#2333,0.5);
#2333 = AXIS2_PLACEMENT_3D('',#2334,#2335,#2336);
#2334 = CARTESIAN_POINT('',(14.3,26.355,1.51));
#2335 = DIRECTION('',(-0.,0.,-1.));
#2336 = DIRECTION('',(-0.,-1.,0.));
#2337 = FACE_BOUND('',#2338,.T.);
#2338 = EDGE_LOOP('',(#2339));
#2339 = ORIENTED_EDGE('',*,*,#2340,.T.);
#2340 = EDGE_CURVE('',#2341,#2341,#2343,.T.);
#2341 = VERTEX_POINT('',#2342);
#2342 = CARTESIAN_POINT('',(14.3,28.395,1.51));
#2343 = CIRCLE('',#2344,0.5);
#2344 = AXIS2_PLACEMENT_3D('',#2345,#2346,#2347);
#2345 = CARTESIAN_POINT('',(14.3,28.895,1.51));
#2346 = DIRECTION('',(-0.,0.,-1.));
#2347 = DIRECTION('',(-0.,-1.,0.));
#2348 = FACE_BOUND('',#2349,.T.);
#2349 = EDGE_LOOP('',(#2350));
#2350 = ORIENTED_EDGE('',*,*,#2351,.T.);
#2351 = EDGE_CURVE('',#2352,#2352,#2354,.T.);
#2352 = VERTEX_POINT('',#2353);
#2353 = CARTESIAN_POINT('',(20.65,19.38,1.51));
#2354 = CIRCLE('',#2355,0.5);
#2355 = AXIS2_PLACEMENT_3D('',#2356,#2357,#2358);
#2356 = CARTESIAN_POINT('',(20.65,19.88,1.51));
#2357 = DIRECTION('',(-0.,0.,-1.));
#2358 = DIRECTION('',(-0.,-1.,0.));
#2359 = FACE_BOUND('',#2360,.T.);
#2360 = EDGE_LOOP('',(#2361));
#2361 = ORIENTED_EDGE('',*,*,#2362,.T.);
#2362 = EDGE_CURVE('',#2363,#2363,#2365,.T.);
#2363 = VERTEX_POINT('',#2364);
#2364 = CARTESIAN_POINT('',(23.19,19.38,1.51));
#2365 = CIRCLE('',#2366,0.5);
#2366 = AXIS2_PLACEMENT_3D('',#2367,#2368,#2369);
#2367 = CARTESIAN_POINT('',(23.19,19.88,1.51));
#2368 = DIRECTION('',(-0.,0.,-1.));
#2369 = DIRECTION('',(-0.,-1.,0.));
#2370 = FACE_BOUND('',#2371,.T.);
#2371 = EDGE_LOOP('',(#2372));
#2372 = ORIENTED_EDGE('',*,*,#2373,.T.);
#2373 = EDGE_CURVE('',#2374,#2374,#2376,.T.);
#2374 = VERTEX_POINT('',#2375);
#2375 = CARTESIAN_POINT('',(25.73,19.38,1.51));
#2376 = CIRCLE('',#2377,0.5);
#2377 = AXIS2_PLACEMENT_3D('',#2378,#2379,#2380);
#2378 = CARTESIAN_POINT('',(25.73,19.88,1.51));
#2379 = DIRECTION('',(-0.,0.,-1.));
#2380 = DIRECTION('',(-0.,-1.,0.));
#2381 = FACE_BOUND('',#2382,.T.);
#2382 = EDGE_LOOP('',(#2383));
#2383 = ORIENTED_EDGE('',*,*,#2384,.T.);
#2384 = EDGE_CURVE('',#2385,#2385,#2387,.T.);
#2385 = VERTEX_POINT('',#2386);
#2386 = CARTESIAN_POINT('',(-5.,35.6,1.51));
#2387 = CIRCLE('',#2388,0.4);
#2388 = AXIS2_PLACEMENT_3D('',#2389,#2390,#2391);
#2389 = CARTESIAN_POINT('',(-5.,36.,1.51));
#2390 = DIRECTION('',(-0.,0.,-1.));
#2391 = DIRECTION('',(-0.,-1.,0.));
#2392 = FACE_BOUND('',#2393,.T.);
#2393 = EDGE_LOOP('',(#2394));
#2394 = ORIENTED_EDGE('',*,*,#2395,.T.);
#2395 = EDGE_CURVE('',#2396,#2396,#2398,.T.);
#2396 = VERTEX_POINT('',#2397);
#2397 = CARTESIAN_POINT('',(-3.,35.6,1.51));
#2398 = CIRCLE('',#2399,0.4);
#2399 = AXIS2_PLACEMENT_3D('',#2400,#2401,#2402);
#2400 = CARTESIAN_POINT('',(-3.,36.,1.51));
#2401 = DIRECTION('',(-0.,0.,-1.));
#2402 = DIRECTION('',(-0.,-1.,0.));
#2403 = FACE_BOUND('',#2404,.T.);
#2404 = EDGE_LOOP('',(#2405));
#2405 = ORIENTED_EDGE('',*,*,#2406,.T.);
#2406 = EDGE_CURVE('',#2407,#2407,#2409,.T.);
#2407 = VERTEX_POINT('',#2408);
#2408 = CARTESIAN_POINT('',(-1.,35.6,1.51));
#2409 = CIRCLE('',#2410,0.4);
#2410 = AXIS2_PLACEMENT_3D('',#2411,#2412,#2413);
#2411 = CARTESIAN_POINT('',(-1.,36.,1.51));
#2412 = DIRECTION('',(-0.,0.,-1.));
#2413 = DIRECTION('',(-0.,-1.,0.));
#2414 = FACE_BOUND('',#2415,.T.);
#2415 = EDGE_LOOP('',(#2416));
#2416 = ORIENTED_EDGE('',*,*,#2417,.T.);
#2417 = EDGE_CURVE('',#2418,#2418,#2420,.T.);
#2418 = VERTEX_POINT('',#2419);
#2419 = CARTESIAN_POINT('',(1.,35.6,1.51));
#2420 = CIRCLE('',#2421,0.4);
#2421 = AXIS2_PLACEMENT_3D('',#2422,#2423,#2424);
#2422 = CARTESIAN_POINT('',(1.,36.,1.51));
#2423 = DIRECTION('',(-0.,0.,-1.));
#2424 = DIRECTION('',(-0.,-1.,0.));
#2425 = FACE_BOUND('',#2426,.T.);
#2426 = EDGE_LOOP('',(#2427));
#2427 = ORIENTED_EDGE('',*,*,#2428,.T.);
#2428 = EDGE_CURVE('',#2429,#2429,#2431,.T.);
#2429 = VERTEX_POINT('',#2430);
#2430 = CARTESIAN_POINT('',(5.737635,34.464653,1.51));
#2431 = CIRCLE('',#2432,0.45);
#2432 = AXIS2_PLACEMENT_3D('',#2433,#2434,#2435);
#2433 = CARTESIAN_POINT('',(5.737635,34.914653,1.51));
#2434 = DIRECTION('',(-0.,0.,-1.));
#2435 = DIRECTION('',(-0.,-1.,0.));
#2436 = FACE_BOUND('',#2437,.T.);
#2437 = EDGE_LOOP('',(#2438));
#2438 = ORIENTED_EDGE('',*,*,#2439,.T.);
#2439 = EDGE_CURVE('',#2440,#2440,#2442,.T.);
#2440 = VERTEX_POINT('',#2441);
#2441 = CARTESIAN_POINT('',(5.543712,36.681185,1.51));
#2442 = CIRCLE('',#2443,0.45);
#2443 = AXIS2_PLACEMENT_3D('',#2444,#2445,#2446);
#2444 = CARTESIAN_POINT('',(5.543712,37.131185,1.51));
#2445 = DIRECTION('',(-0.,0.,-1.));
#2446 = DIRECTION('',(-0.,-1.,0.));
#2447 = FACE_BOUND('',#2448,.T.);
#2448 = EDGE_LOOP('',(#2449));
#2449 = ORIENTED_EDGE('',*,*,#2450,.T.);
#2450 = EDGE_CURVE('',#2451,#2451,#2453,.T.);
#2451 = VERTEX_POINT('',#2452);
#2452 = CARTESIAN_POINT('',(8.267968,34.686028,1.51));
#2453 = CIRCLE('',#2454,0.45);
#2454 = AXIS2_PLACEMENT_3D('',#2455,#2456,#2457);
#2455 = CARTESIAN_POINT('',(8.267968,35.136028,1.51));
#2456 = DIRECTION('',(-0.,0.,-1.));
#2457 = DIRECTION('',(-0.,-1.,0.));
#2458 = FACE_BOUND('',#2459,.T.);
#2459 = EDGE_LOOP('',(#2460));
#2460 = ORIENTED_EDGE('',*,*,#2461,.T.);
#2461 = EDGE_CURVE('',#2462,#2462,#2464,.T.);
#2462 = VERTEX_POINT('',#2463);
#2463 = CARTESIAN_POINT('',(4.873829,41.541678,1.51));
#2464 = CIRCLE('',#2465,0.55);
#2465 = AXIS2_PLACEMENT_3D('',#2466,#2467,#2468);
#2466 = CARTESIAN_POINT('',(4.873829,42.091678,1.51));
#2467 = DIRECTION('',(-0.,0.,-1.));
#2468 = DIRECTION('',(-0.,-1.,0.));
#2469 = FACE_BOUND('',#2470,.T.);
#2470 = EDGE_LOOP('',(#2471));
#2471 = ORIENTED_EDGE('',*,*,#2472,.T.);
#2472 = EDGE_CURVE('',#2473,#2473,#2475,.T.);
#2473 = VERTEX_POINT('',#2474);
#2474 = CARTESIAN_POINT('',(8.098952,36.90474,1.51));
#2475 = CIRCLE('',#2476,0.45);
#2476 = AXIS2_PLACEMENT_3D('',#2477,#2478,#2479);
#2477 = CARTESIAN_POINT('',(8.098952,37.35474,1.51));
#2478 = DIRECTION('',(-0.,0.,-1.));
#2479 = DIRECTION('',(-0.,-1.,0.));
#2480 = FACE_BOUND('',#2481,.T.);
#2481 = EDGE_LOOP('',(#2482));
#2482 = ORIENTED_EDGE('',*,*,#2483,.T.);
#2483 = EDGE_CURVE('',#2484,#2484,#2486,.T.);
#2484 = VERTEX_POINT('',#2485);
#2485 = CARTESIAN_POINT('',(7.862413,41.853145,1.51));
#2486 = CIRCLE('',#2487,0.5);
#2487 = AXIS2_PLACEMENT_3D('',#2488,#2489,#2490);
#2488 = CARTESIAN_POINT('',(7.862413,42.353145,1.51));
#2489 = DIRECTION('',(-0.,0.,-1.));
#2490 = DIRECTION('',(-0.,-1.,0.));
#2491 = FACE_BOUND('',#2492,.T.);
#2492 = EDGE_LOOP('',(#2493));
#2493 = ORIENTED_EDGE('',*,*,#2494,.T.);
#2494 = EDGE_CURVE('',#2495,#2495,#2497,.T.);
#2495 = VERTEX_POINT('',#2496);
#2496 = CARTESIAN_POINT('',(14.3,30.935,1.51));
#2497 = CIRCLE('',#2498,0.5);
#2498 = AXIS2_PLACEMENT_3D('',#2499,#2500,#2501);
#2499 = CARTESIAN_POINT('',(14.3,31.435,1.51));
#2500 = DIRECTION('',(-0.,0.,-1.));
#2501 = DIRECTION('',(-0.,-1.,0.));
#2502 = FACE_BOUND('',#2503,.T.);
#2503 = EDGE_LOOP('',(#2504));
#2504 = ORIENTED_EDGE('',*,*,#2505,.T.);
#2505 = EDGE_CURVE('',#2506,#2506,#2508,.T.);
#2506 = VERTEX_POINT('',#2507);
#2507 = CARTESIAN_POINT('',(14.3,33.475,1.51));
#2508 = CIRCLE('',#2509,0.5);
#2509 = AXIS2_PLACEMENT_3D('',#2510,#2511,#2512);
#2510 = CARTESIAN_POINT('',(14.3,33.975,1.51));
#2511 = DIRECTION('',(-0.,0.,-1.));
#2512 = DIRECTION('',(-0.,-1.,0.));
#2513 = FACE_BOUND('',#2514,.T.);
#2514 = EDGE_LOOP('',(#2515));
#2515 = ORIENTED_EDGE('',*,*,#2516,.T.);
#2516 = EDGE_CURVE('',#2517,#2517,#2519,.T.);
#2517 = VERTEX_POINT('',#2518);
#2518 = CARTESIAN_POINT('',(14.3,36.015,1.51));
#2519 = CIRCLE('',#2520,0.5);
#2520 = AXIS2_PLACEMENT_3D('',#2521,#2522,#2523);
#2521 = CARTESIAN_POINT('',(14.3,36.515,1.51));
#2522 = DIRECTION('',(-0.,0.,-1.));
#2523 = DIRECTION('',(-0.,-1.,0.));
#2524 = FACE_BOUND('',#2525,.T.);
#2525 = EDGE_LOOP('',(#2526));
#2526 = ORIENTED_EDGE('',*,*,#2527,.T.);
#2527 = EDGE_CURVE('',#2528,#2528,#2530,.T.);
#2528 = VERTEX_POINT('',#2529);
#2529 = CARTESIAN_POINT('',(18.11,34.62,1.51));
#2530 = CIRCLE('',#2531,0.5);
#2531 = AXIS2_PLACEMENT_3D('',#2532,#2533,#2534);
#2532 = CARTESIAN_POINT('',(18.11,35.12,1.51));
#2533 = DIRECTION('',(-0.,0.,-1.));
#2534 = DIRECTION('',(-0.,-1.,0.));
#2535 = FACE_BOUND('',#2536,.T.);
#2536 = EDGE_LOOP('',(#2537));
#2537 = ORIENTED_EDGE('',*,*,#2538,.F.);
#2538 = EDGE_CURVE('',#2539,#2539,#2541,.T.);
#2539 = VERTEX_POINT('',#2540);
#2540 = CARTESIAN_POINT('',(14.,41.,1.51));
#2541 = CIRCLE('',#2542,1.);
#2542 = AXIS2_PLACEMENT_3D('',#2543,#2544,#2545);
#2543 = CARTESIAN_POINT('',(13.,41.,1.51));
#2544 = DIRECTION('',(0.,0.,1.));
#2545 = DIRECTION('',(1.,0.,-0.));
#2546 = FACE_BOUND('',#2547,.T.);
#2547 = EDGE_LOOP('',(#2548));
#2548 = ORIENTED_EDGE('',*,*,#2549,.T.);
#2549 = EDGE_CURVE('',#2550,#2550,#2552,.T.);
#2550 = VERTEX_POINT('',#2551);
#2551 = CARTESIAN_POINT('',(18.167723,38.597023,1.51));
#2552 = CIRCLE('',#2553,0.45);
#2553 = AXIS2_PLACEMENT_3D('',#2554,#2555,#2556);
#2554 = CARTESIAN_POINT('',(18.167723,39.047023,1.51));
#2555 = DIRECTION('',(-0.,0.,-1.));
#2556 = DIRECTION('',(-7.894919286223E-15,-1.,0.));
#2557 = FACE_BOUND('',#2558,.T.);
#2558 = EDGE_LOOP('',(#2559));
#2559 = ORIENTED_EDGE('',*,*,#2560,.T.);
#2560 = EDGE_CURVE('',#2561,#2561,#2563,.T.);
#2561 = VERTEX_POINT('',#2562);
#2562 = CARTESIAN_POINT('',(16.463274,40.027224,1.51));
#2563 = CIRCLE('',#2564,0.45);
#2564 = AXIS2_PLACEMENT_3D('',#2565,#2566,#2567);
#2565 = CARTESIAN_POINT('',(16.463274,40.477224,1.51));
#2566 = DIRECTION('',(-0.,0.,-1.));
#2567 = DIRECTION('',(-0.,-1.,0.));
#2568 = FACE_BOUND('',#2569,.T.);
#2569 = EDGE_LOOP('',(#2570));
#2570 = ORIENTED_EDGE('',*,*,#2571,.T.);
#2571 = EDGE_CURVE('',#2572,#2572,#2574,.T.);
#2572 = VERTEX_POINT('',#2573);
#2573 = CARTESIAN_POINT('',(18.112023,41.992129,1.51));
#2574 = CIRCLE('',#2575,0.45);
#2575 = AXIS2_PLACEMENT_3D('',#2576,#2577,#2578);
#2576 = CARTESIAN_POINT('',(18.112023,42.442129,1.51));
#2577 = DIRECTION('',(-0.,0.,-1.));
#2578 = DIRECTION('',(-0.,-1.,0.));
#2579 = FACE_BOUND('',#2580,.T.);
#2580 = EDGE_LOOP('',(#2581));
#2581 = ORIENTED_EDGE('',*,*,#2582,.T.);
#2582 = EDGE_CURVE('',#2583,#2583,#2585,.T.);
#2583 = VERTEX_POINT('',#2584);
#2584 = CARTESIAN_POINT('',(20.65,34.62,1.51));
#2585 = CIRCLE('',#2586,0.5);
#2586 = AXIS2_PLACEMENT_3D('',#2587,#2588,#2589);
#2587 = CARTESIAN_POINT('',(20.65,35.12,1.51));
#2588 = DIRECTION('',(-0.,0.,-1.));
#2589 = DIRECTION('',(-0.,-1.,0.));
#2590 = FACE_BOUND('',#2591,.T.);
#2591 = EDGE_LOOP('',(#2592));
#2592 = ORIENTED_EDGE('',*,*,#2593,.T.);
#2593 = EDGE_CURVE('',#2594,#2594,#2596,.T.);
#2594 = VERTEX_POINT('',#2595);
#2595 = CARTESIAN_POINT('',(23.19,34.62,1.51));
#2596 = CIRCLE('',#2597,0.5);
#2597 = AXIS2_PLACEMENT_3D('',#2598,#2599,#2600);
#2598 = CARTESIAN_POINT('',(23.19,35.12,1.51));
#2599 = DIRECTION('',(-0.,0.,-1.));
#2600 = DIRECTION('',(-0.,-1.,0.));
#2601 = FACE_BOUND('',#2602,.T.);
#2602 = EDGE_LOOP('',(#2603));
#2603 = ORIENTED_EDGE('',*,*,#2604,.T.);
#2604 = EDGE_CURVE('',#2605,#2605,#2607,.T.);
#2605 = VERTEX_POINT('',#2606);
#2606 = CARTESIAN_POINT('',(25.73,34.62,1.51));
#2607 = CIRCLE('',#2608,0.5);
#2608 = AXIS2_PLACEMENT_3D('',#2609,#2610,#2611);
#2609 = CARTESIAN_POINT('',(25.73,35.12,1.51));
#2610 = DIRECTION('',(-0.,0.,-1.));
#2611 = DIRECTION('',(-0.,-1.,0.));
#2612 = FACE_BOUND('',#2613,.T.);
#2613 = EDGE_LOOP('',(#2614));
#2614 = ORIENTED_EDGE('',*,*,#2615,.T.);
#2615 = EDGE_CURVE('',#2616,#2616,#2618,.T.);
#2616 = VERTEX_POINT('',#2617);
#2617 = CARTESIAN_POINT('',(19.800402,40.542776,1.51));
#2618 = CIRCLE('',#2619,0.45);
#2619 = AXIS2_PLACEMENT_3D('',#2620,#2621,#2622);
#2620 = CARTESIAN_POINT('',(19.800402,40.992776,1.51));
#2621 = DIRECTION('',(-0.,0.,-1.));
#2622 = DIRECTION('',(-0.,-1.,0.));
#2623 = FACE_BOUND('',#2624,.T.);
#2624 = EDGE_LOOP('',(#2625));
#2625 = ORIENTED_EDGE('',*,*,#2626,.T.);
#2626 = EDGE_CURVE('',#2627,#2627,#2629,.T.);
#2627 = VERTEX_POINT('',#2628);
#2628 = CARTESIAN_POINT('',(12.481996,42.961144,1.51));
#2629 = CIRCLE('',#2630,0.55);
#2630 = AXIS2_PLACEMENT_3D('',#2631,#2632,#2633);
#2631 = CARTESIAN_POINT('',(12.481996,43.511144,1.51));
#2632 = DIRECTION('',(-0.,0.,-1.));
#2633 = DIRECTION('',(3.229739708E-15,-1.,-0.));
#2634 = FACE_BOUND('',#2635,.T.);
#2635 = EDGE_LOOP('',(#2636));
#2636 = ORIENTED_EDGE('',*,*,#2637,.T.);
#2637 = EDGE_CURVE('',#2638,#2638,#2640,.T.);
#2638 = VERTEX_POINT('',#2639);
#2639 = CARTESIAN_POINT('',(14.410359,45.309277,1.51));
#2640 = CIRCLE('',#2641,0.5);
#2641 = AXIS2_PLACEMENT_3D('',#2642,#2643,#2644);
#2642 = CARTESIAN_POINT('',(14.410359,45.809277,1.51));
#2643 = DIRECTION('',(-0.,0.,-1.));
#2644 = DIRECTION('',(-0.,-1.,0.));
#2645 = FACE_BOUND('',#2646,.T.);
#2646 = EDGE_LOOP('',(#2647));
#2647 = ORIENTED_EDGE('',*,*,#2648,.T.);
#2648 = EDGE_CURVE('',#2649,#2649,#2651,.T.);
#2649 = VERTEX_POINT('',#2650);
#2650 = CARTESIAN_POINT('',(16.646855,50.587587,1.51));
#2651 = CIRCLE('',#2652,0.55);
#2652 = AXIS2_PLACEMENT_3D('',#2653,#2654,#2655);
#2653 = CARTESIAN_POINT('',(16.646855,51.137587,1.51));
#2654 = DIRECTION('',(-0.,0.,-1.));
#2655 = DIRECTION('',(-6.459479416001E-15,-1.,0.));
#2656 = FACE_BOUND('',#2657,.T.);
#2657 = EDGE_LOOP('',(#2658));
#2658 = ORIENTED_EDGE('',*,*,#2659,.T.);
#2659 = EDGE_CURVE('',#2660,#2660,#2662,.T.);
#2660 = VERTEX_POINT('',#2661);
#2661 = CARTESIAN_POINT('',(16.908322,53.626171,1.51));
#2662 = CIRCLE('',#2663,0.5);
#2663 = AXIS2_PLACEMENT_3D('',#2664,#2665,#2666);
#2664 = CARTESIAN_POINT('',(16.908322,54.126171,1.51));
#2665 = DIRECTION('',(-0.,0.,-1.));
#2666 = DIRECTION('',(-0.,-1.,0.));
#2667 = FACE_BOUND('',#2668,.T.);
#2668 = EDGE_LOOP('',(#2669));
#2669 = ORIENTED_EDGE('',*,*,#2670,.F.);
#2670 = EDGE_CURVE('',#2671,#2671,#2673,.T.);
#2671 = VERTEX_POINT('',#2672);
#2672 = CARTESIAN_POINT('',(23.,47.,1.51));
#2673 = CIRCLE('',#2674,1.);
#2674 = AXIS2_PLACEMENT_3D('',#2675,#2676,#2677);
#2675 = CARTESIAN_POINT('',(22.,47.,1.51));
#2676 = DIRECTION('',(0.,0.,1.));
#2677 = DIRECTION('',(1.,0.,-0.));
#2678 = FACE_BOUND('',#2679,.T.);
#2679 = EDGE_LOOP('',(#2680));
#2680 = ORIENTED_EDGE('',*,*,#2681,.T.);
#2681 = EDGE_CURVE('',#2682,#2682,#2684,.T.);
#2682 = VERTEX_POINT('',#2683);
#2683 = CARTESIAN_POINT('',(21.648311,50.485913,1.51));
#2684 = CIRCLE('',#2685,0.45);
#2685 = AXIS2_PLACEMENT_3D('',#2686,#2687,#2688);
#2686 = CARTESIAN_POINT('',(21.648311,50.935913,1.51));
#2687 = DIRECTION('',(-0.,0.,-1.));
#2688 = DIRECTION('',(-0.,-1.,0.));
#2689 = FACE_BOUND('',#2690,.T.);
#2690 = EDGE_LOOP('',(#2691));
#2691 = ORIENTED_EDGE('',*,*,#2692,.T.);
#2692 = EDGE_CURVE('',#2693,#2693,#2695,.T.);
#2693 = VERTEX_POINT('',#2694);
#2694 = CARTESIAN_POINT('',(21.871864,53.041153,1.51));
#2695 = CIRCLE('',#2696,0.45);
#2696 = AXIS2_PLACEMENT_3D('',#2697,#2698,#2699);
#2697 = CARTESIAN_POINT('',(21.871864,53.491153,1.51));
#2698 = DIRECTION('',(-0.,0.,-1.));
#2699 = DIRECTION('',(-7.894919286223E-15,-1.,0.));
#2700 = FACE_BOUND('',#2701,.T.);
#2701 = EDGE_LOOP('',(#2702));
#2702 = ORIENTED_EDGE('',*,*,#2703,.T.);
#2703 = EDGE_CURVE('',#2704,#2704,#2706,.T.);
#2704 = VERTEX_POINT('',#2705);
#2705 = CARTESIAN_POINT('',(23.864843,50.291993,1.51));
#2706 = CIRCLE('',#2707,0.45);
#2707 = AXIS2_PLACEMENT_3D('',#2708,#2709,#2710);
#2708 = CARTESIAN_POINT('',(23.864843,50.741993,1.51));
#2709 = DIRECTION('',(-0.,0.,-1.));
#2710 = DIRECTION('',(-0.,-1.,0.));
#2711 = FACE_BOUND('',#2712,.T.);
#2712 = EDGE_LOOP('',(#2713));
#2713 = ORIENTED_EDGE('',*,*,#2714,.T.);
#2714 = EDGE_CURVE('',#2715,#2715,#2717,.T.);
#2715 = VERTEX_POINT('',#2716);
#2716 = CARTESIAN_POINT('',(24.086219,52.822326,1.51));
#2717 = CIRCLE('',#2718,0.45);
#2718 = AXIS2_PLACEMENT_3D('',#2719,#2720,#2721);
#2719 = CARTESIAN_POINT('',(24.086219,53.272326,1.51));
#2720 = DIRECTION('',(-0.,0.,-1.));
#2721 = DIRECTION('',(-0.,-1.,0.));
#2722 = FACE_BOUND('',#2723,.T.);
#2723 = EDGE_LOOP('',(#2724));
#2724 = ORIENTED_EDGE('',*,*,#2725,.T.);
#2725 = EDGE_CURVE('',#2726,#2726,#2728,.T.);
#2726 = VERTEX_POINT('',#2727);
#2727 = CARTESIAN_POINT('',(34.62,12.48,1.51));
#2728 = CIRCLE('',#2729,1.6);
#2729 = AXIS2_PLACEMENT_3D('',#2730,#2731,#2732);
#2730 = CARTESIAN_POINT('',(34.62,14.08,1.51));
#2731 = DIRECTION('',(-0.,0.,-1.));
#2732 = DIRECTION('',(-4.440892098501E-15,-1.,0.));
#2733 = FACE_BOUND('',#2734,.T.);
#2734 = EDGE_LOOP('',(#2735));
#2735 = ORIENTED_EDGE('',*,*,#2736,.T.);
#2736 = EDGE_CURVE('',#2737,#2737,#2739,.T.);
#2737 = VERTEX_POINT('',#2738);
#2738 = CARTESIAN_POINT('',(39.7,8.075,1.51));
#2739 = CIRCLE('',#2740,0.5);
#2740 = AXIS2_PLACEMENT_3D('',#2741,#2742,#2743);
#2741 = CARTESIAN_POINT('',(39.7,8.575,1.51));
#2742 = DIRECTION('',(-0.,0.,-1.));
#2743 = DIRECTION('',(-0.,-1.,0.));
#2744 = FACE_BOUND('',#2745,.T.);
#2745 = EDGE_LOOP('',(#2746));
#2746 = ORIENTED_EDGE('',*,*,#2747,.T.);
#2747 = EDGE_CURVE('',#2748,#2748,#2750,.T.);
#2748 = VERTEX_POINT('',#2749);
#2749 = CARTESIAN_POINT('',(39.7,10.615,1.51));
#2750 = CIRCLE('',#2751,0.5);
#2751 = AXIS2_PLACEMENT_3D('',#2752,#2753,#2754);
#2752 = CARTESIAN_POINT('',(39.7,11.115,1.51));
#2753 = DIRECTION('',(-0.,0.,-1.));
#2754 = DIRECTION('',(-0.,-1.,0.));
#2755 = FACE_BOUND('',#2756,.T.);
#2756 = EDGE_LOOP('',(#2757));
#2757 = ORIENTED_EDGE('',*,*,#2758,.T.);
#2758 = EDGE_CURVE('',#2759,#2759,#2761,.T.);
#2759 = VERTEX_POINT('',#2760);
#2760 = CARTESIAN_POINT('',(39.7,13.155,1.51));
#2761 = CIRCLE('',#2762,0.5);
#2762 = AXIS2_PLACEMENT_3D('',#2763,#2764,#2765);
#2763 = CARTESIAN_POINT('',(39.7,13.655,1.51));
#2764 = DIRECTION('',(-0.,0.,-1.));
#2765 = DIRECTION('',(-0.,-1.,0.));
#2766 = FACE_BOUND('',#2767,.T.);
#2767 = EDGE_LOOP('',(#2768));
#2768 = ORIENTED_EDGE('',*,*,#2769,.T.);
#2769 = EDGE_CURVE('',#2770,#2770,#2772,.T.);
#2770 = VERTEX_POINT('',#2771);
#2771 = CARTESIAN_POINT('',(39.7,15.695,1.51));
#2772 = CIRCLE('',#2773,0.5);
#2773 = AXIS2_PLACEMENT_3D('',#2774,#2775,#2776);
#2774 = CARTESIAN_POINT('',(39.7,16.195,1.51));
#2775 = DIRECTION('',(-0.,0.,-1.));
#2776 = DIRECTION('',(-0.,-1.,0.));
#2777 = FACE_BOUND('',#2778,.T.);
#2778 = EDGE_LOOP('',(#2779));
#2779 = ORIENTED_EDGE('',*,*,#2780,.T.);
#2780 = EDGE_CURVE('',#2781,#2781,#2783,.T.);
#2781 = VERTEX_POINT('',#2782);
#2782 = CARTESIAN_POINT('',(39.7,18.235,1.51));
#2783 = CIRCLE('',#2784,0.5);
#2784 = AXIS2_PLACEMENT_3D('',#2785,#2786,#2787);
#2785 = CARTESIAN_POINT('',(39.7,18.735,1.51));
#2786 = DIRECTION('',(-0.,0.,-1.));
#2787 = DIRECTION('',(-0.,-1.,0.));
#2788 = FACE_BOUND('',#2789,.T.);
#2789 = EDGE_LOOP('',(#2790));
#2790 = ORIENTED_EDGE('',*,*,#2791,.T.);
#2791 = EDGE_CURVE('',#2792,#2792,#2794,.T.);
#2792 = VERTEX_POINT('',#2793);
#2793 = CARTESIAN_POINT('',(28.27,19.38,1.51));
#2794 = CIRCLE('',#2795,0.5);
#2795 = AXIS2_PLACEMENT_3D('',#2796,#2797,#2798);
#2796 = CARTESIAN_POINT('',(28.27,19.88,1.51));
#2797 = DIRECTION('',(-0.,0.,-1.));
#2798 = DIRECTION('',(-0.,-1.,0.));
#2799 = FACE_BOUND('',#2800,.T.);
#2800 = EDGE_LOOP('',(#2801));
#2801 = ORIENTED_EDGE('',*,*,#2802,.T.);
#2802 = EDGE_CURVE('',#2803,#2803,#2805,.T.);
#2803 = VERTEX_POINT('',#2804);
#2804 = CARTESIAN_POINT('',(30.81,19.38,1.51));
#2805 = CIRCLE('',#2806,0.5);
#2806 = AXIS2_PLACEMENT_3D('',#2807,#2808,#2809);
#2807 = CARTESIAN_POINT('',(30.81,19.88,1.51));
#2808 = DIRECTION('',(-0.,0.,-1.));
#2809 = DIRECTION('',(-0.,-1.,0.));
#2810 = FACE_BOUND('',#2811,.T.);
#2811 = EDGE_LOOP('',(#2812));
#2812 = ORIENTED_EDGE('',*,*,#2813,.T.);
#2813 = EDGE_CURVE('',#2814,#2814,#2816,.T.);
#2814 = VERTEX_POINT('',#2815);
#2815 = CARTESIAN_POINT('',(33.35,19.38,1.51));
#2816 = CIRCLE('',#2817,0.5);
#2817 = AXIS2_PLACEMENT_3D('',#2818,#2819,#2820);
#2818 = CARTESIAN_POINT('',(33.35,19.88,1.51));
#2819 = DIRECTION('',(-0.,0.,-1.));
#2820 = DIRECTION('',(-0.,-1.,0.));
#2821 = FACE_BOUND('',#2822,.T.);
#2822 = EDGE_LOOP('',(#2823));
#2823 = ORIENTED_EDGE('',*,*,#2824,.T.);
#2824 = EDGE_CURVE('',#2825,#2825,#2827,.T.);
#2825 = VERTEX_POINT('',#2826);
#2826 = CARTESIAN_POINT('',(35.89,19.38,1.51));
#2827 = CIRCLE('',#2828,0.5);
#2828 = AXIS2_PLACEMENT_3D('',#2829,#2830,#2831);
#2829 = CARTESIAN_POINT('',(35.89,19.88,1.51));
#2830 = DIRECTION('',(-0.,0.,-1.));
#2831 = DIRECTION('',(-0.,-1.,0.));
#2832 = FACE_BOUND('',#2833,.T.);
#2833 = EDGE_LOOP('',(#2834));
#2834 = ORIENTED_EDGE('',*,*,#2835,.T.);
#2835 = EDGE_CURVE('',#2836,#2836,#2838,.T.);
#2836 = VERTEX_POINT('',#2837);
#2837 = CARTESIAN_POINT('',(39.7,20.775,1.51));
#2838 = CIRCLE('',#2839,0.5);
#2839 = AXIS2_PLACEMENT_3D('',#2840,#2841,#2842);
#2840 = CARTESIAN_POINT('',(39.7,21.275,1.51));
#2841 = DIRECTION('',(-0.,0.,-1.));
#2842 = DIRECTION('',(-0.,-1.,0.));
#2843 = FACE_BOUND('',#2844,.T.);
#2844 = EDGE_LOOP('',(#2845));
#2845 = ORIENTED_EDGE('',*,*,#2846,.T.);
#2846 = EDGE_CURVE('',#2847,#2847,#2849,.T.);
#2847 = VERTEX_POINT('',#2848);
#2848 = CARTESIAN_POINT('',(39.7,23.315,1.51));
#2849 = CIRCLE('',#2850,0.5);
#2850 = AXIS2_PLACEMENT_3D('',#2851,#2852,#2853);
#2851 = CARTESIAN_POINT('',(39.7,23.815,1.51));
#2852 = DIRECTION('',(-0.,0.,-1.));
#2853 = DIRECTION('',(-0.,-1.,0.));
#2854 = FACE_BOUND('',#2855,.T.);
#2855 = EDGE_LOOP('',(#2856));
#2856 = ORIENTED_EDGE('',*,*,#2857,.T.);
#2857 = EDGE_CURVE('',#2858,#2858,#2860,.T.);
#2858 = VERTEX_POINT('',#2859);
#2859 = CARTESIAN_POINT('',(39.7,25.855,1.51));
#2860 = CIRCLE('',#2861,0.5);
#2861 = AXIS2_PLACEMENT_3D('',#2862,#2863,#2864);
#2862 = CARTESIAN_POINT('',(39.7,26.355,1.51));
#2863 = DIRECTION('',(-0.,0.,-1.));
#2864 = DIRECTION('',(-0.,-1.,0.));
#2865 = FACE_BOUND('',#2866,.T.);
#2866 = EDGE_LOOP('',(#2867));
#2867 = ORIENTED_EDGE('',*,*,#2868,.T.);
#2868 = EDGE_CURVE('',#2869,#2869,#2871,.T.);
#2869 = VERTEX_POINT('',#2870);
#2870 = CARTESIAN_POINT('',(39.7,28.395,1.51));
#2871 = CIRCLE('',#2872,0.5);
#2872 = AXIS2_PLACEMENT_3D('',#2873,#2874,#2875);
#2873 = CARTESIAN_POINT('',(39.7,28.895,1.51));
#2874 = DIRECTION('',(-0.,0.,-1.));
#2875 = DIRECTION('',(-0.,-1.,0.));
#2876 = FACE_BOUND('',#2877,.T.);
#2877 = EDGE_LOOP('',(#2878));
#2878 = ORIENTED_EDGE('',*,*,#2879,.F.);
#2879 = EDGE_CURVE('',#2880,#2880,#2882,.T.);
#2880 = VERTEX_POINT('',#2881);
#2881 = CARTESIAN_POINT('',(54.,30.5,1.51));
#2882 = CIRCLE('',#2883,1.5);
#2883 = AXIS2_PLACEMENT_3D('',#2884,#2885,#2886);
#2884 = CARTESIAN_POINT('',(52.5,30.5,1.51));
#2885 = DIRECTION('',(0.,0.,1.));
#2886 = DIRECTION('',(1.,0.,-0.));
#2887 = FACE_BOUND('',#2888,.T.);
#2888 = EDGE_LOOP('',(#2889));
#2889 = ORIENTED_EDGE('',*,*,#2890,.T.);
#2890 = EDGE_CURVE('',#2891,#2891,#2893,.T.);
#2891 = VERTEX_POINT('',#2892);
#2892 = CARTESIAN_POINT('',(28.27,34.62,1.51));
#2893 = CIRCLE('',#2894,0.5);
#2894 = AXIS2_PLACEMENT_3D('',#2895,#2896,#2897);
#2895 = CARTESIAN_POINT('',(28.27,35.12,1.51));
#2896 = DIRECTION('',(-0.,0.,-1.));
#2897 = DIRECTION('',(-0.,-1.,0.));
#2898 = FACE_BOUND('',#2899,.T.);
#2899 = EDGE_LOOP('',(#2900));
#2900 = ORIENTED_EDGE('',*,*,#2901,.T.);
#2901 = EDGE_CURVE('',#2902,#2902,#2904,.T.);
#2902 = VERTEX_POINT('',#2903);
#2903 = CARTESIAN_POINT('',(30.81,34.62,1.51));
#2904 = CIRCLE('',#2905,0.5);
#2905 = AXIS2_PLACEMENT_3D('',#2906,#2907,#2908);
#2906 = CARTESIAN_POINT('',(30.81,35.12,1.51));
#2907 = DIRECTION('',(-0.,0.,-1.));
#2908 = DIRECTION('',(-0.,-1.,0.));
#2909 = FACE_BOUND('',#2910,.T.);
#2910 = EDGE_LOOP('',(#2911));
#2911 = ORIENTED_EDGE('',*,*,#2912,.T.);
#2912 = EDGE_CURVE('',#2913,#2913,#2915,.T.);
#2913 = VERTEX_POINT('',#2914);
#2914 = CARTESIAN_POINT('',(33.35,34.62,1.51));
#2915 = CIRCLE('',#2916,0.5);
#2916 = AXIS2_PLACEMENT_3D('',#2917,#2918,#2919);
#2917 = CARTESIAN_POINT('',(33.35,35.12,1.51));
#2918 = DIRECTION('',(-0.,0.,-1.));
#2919 = DIRECTION('',(-0.,-1.,0.));
#2920 = FACE_BOUND('',#2921,.T.);
#2921 = EDGE_LOOP('',(#2922));
#2922 = ORIENTED_EDGE('',*,*,#2923,.T.);
#2923 = EDGE_CURVE('',#2924,#2924,#2926,.T.);
#2924 = VERTEX_POINT('',#2925);
#2925 = CARTESIAN_POINT('',(34.206025,40.535116,1.51));
#2926 = CIRCLE('',#2927,0.45);
#2927 = AXIS2_PLACEMENT_3D('',#2928,#2929,#2930);
#2928 = CARTESIAN_POINT('',(34.206025,40.985116,1.51));
#2929 = DIRECTION('',(-0.,0.,-1.));
#2930 = DIRECTION('',(-0.,-1.,0.));
#2931 = FACE_BOUND('',#2932,.T.);
#2932 = EDGE_LOOP('',(#2933));
#2933 = ORIENTED_EDGE('',*,*,#2934,.T.);
#2934 = EDGE_CURVE('',#2935,#2935,#2937,.T.);
#2935 = VERTEX_POINT('',#2936);
#2936 = CARTESIAN_POINT('',(35.89,34.62,1.51));
#2937 = CIRCLE('',#2938,0.5);
#2938 = AXIS2_PLACEMENT_3D('',#2939,#2940,#2941);
#2939 = CARTESIAN_POINT('',(35.89,35.12,1.51));
#2940 = DIRECTION('',(-0.,0.,-1.));
#2941 = DIRECTION('',(-0.,-1.,0.));
#2942 = FACE_BOUND('',#2943,.T.);
#2943 = EDGE_LOOP('',(#2944));
#2944 = ORIENTED_EDGE('',*,*,#2945,.T.);
#2945 = EDGE_CURVE('',#2946,#2946,#2948,.T.);
#2946 = VERTEX_POINT('',#2947);
#2947 = CARTESIAN_POINT('',(39.7,30.935,1.51));
#2948 = CIRCLE('',#2949,0.5);
#2949 = AXIS2_PLACEMENT_3D('',#2950,#2951,#2952);
#2950 = CARTESIAN_POINT('',(39.7,31.435,1.51));
#2951 = DIRECTION('',(-0.,0.,-1.));
#2952 = DIRECTION('',(-0.,-1.,0.));
#2953 = FACE_BOUND('',#2954,.T.);
#2954 = EDGE_LOOP('',(#2955));
#2955 = ORIENTED_EDGE('',*,*,#2956,.T.);
#2956 = EDGE_CURVE('',#2957,#2957,#2959,.T.);
#2957 = VERTEX_POINT('',#2958);
#2958 = CARTESIAN_POINT('',(39.7,33.475,1.51));
#2959 = CIRCLE('',#2960,0.5);
#2960 = AXIS2_PLACEMENT_3D('',#2961,#2962,#2963);
#2961 = CARTESIAN_POINT('',(39.7,33.975,1.51));
#2962 = DIRECTION('',(-0.,0.,-1.));
#2963 = DIRECTION('',(-0.,-1.,0.));
#2964 = FACE_BOUND('',#2965,.T.);
#2965 = EDGE_LOOP('',(#2966));
#2966 = ORIENTED_EDGE('',*,*,#2967,.T.);
#2967 = EDGE_CURVE('',#2968,#2968,#2970,.T.);
#2968 = VERTEX_POINT('',#2969);
#2969 = CARTESIAN_POINT('',(39.7,36.015,1.51));
#2970 = CIRCLE('',#2971,0.5);
#2971 = AXIS2_PLACEMENT_3D('',#2972,#2973,#2974);
#2972 = CARTESIAN_POINT('',(39.7,36.515,1.51));
#2973 = DIRECTION('',(-0.,0.,-1.));
#2974 = DIRECTION('',(-0.,-1.,0.));
#2975 = FACE_BOUND('',#2976,.T.);
#2976 = EDGE_LOOP('',(#2977));
#2977 = ORIENTED_EDGE('',*,*,#2978,.T.);
#2978 = EDGE_CURVE('',#2979,#2979,#2981,.T.);
#2979 = VERTEX_POINT('',#2980);
#2980 = CARTESIAN_POINT('',(35.838705,38.589364,1.51));
#2981 = CIRCLE('',#2982,0.45);
#2982 = AXIS2_PLACEMENT_3D('',#2983,#2984,#2985);
#2983 = CARTESIAN_POINT('',(35.838705,39.039364,1.51));
#2984 = DIRECTION('',(-0.,0.,-1.));
#2985 = DIRECTION('',(-1.578983857245E-14,-1.,0.));
#2986 = FACE_BOUND('',#2987,.T.);
#2987 = EDGE_LOOP('',(#2988));
#2988 = ORIENTED_EDGE('',*,*,#2989,.T.);
#2989 = EDGE_CURVE('',#2990,#2990,#2992,.T.);
#2990 = VERTEX_POINT('',#2991);
#2991 = CARTESIAN_POINT('',(35.910472,41.965318,1.51));
#2992 = CIRCLE('',#2993,0.45);
#2993 = AXIS2_PLACEMENT_3D('',#2994,#2995,#2996);
#2994 = CARTESIAN_POINT('',(35.910472,42.415318,1.51));
#2995 = DIRECTION('',(-0.,0.,-1.));
#2996 = DIRECTION('',(-0.,-1.,0.));
#2997 = FACE_BOUND('',#2998,.T.);
#2998 = EDGE_LOOP('',(#2999));
#2999 = ORIENTED_EDGE('',*,*,#3000,.T.);
#3000 = EDGE_CURVE('',#3001,#3001,#3003,.T.);
#3001 = VERTEX_POINT('',#3002);
#3002 = CARTESIAN_POINT('',(37.559223,40.000415,1.51));
#3003 = CIRCLE('',#3004,0.45);
#3004 = AXIS2_PLACEMENT_3D('',#3005,#3006,#3007);
#3005 = CARTESIAN_POINT('',(37.559223,40.450415,1.51));
#3006 = DIRECTION('',(-0.,0.,-1.));
#3007 = DIRECTION('',(-0.,-1.,0.));
#3008 = FACE_BOUND('',#3009,.T.);
#3009 = EDGE_LOOP('',(#3010));
#3010 = ORIENTED_EDGE('',*,*,#3011,.F.);
#3011 = EDGE_CURVE('',#3012,#3012,#3014,.T.);
#3012 = VERTEX_POINT('',#3013);
#3013 = CARTESIAN_POINT('',(42.,41.,1.51));
#3014 = CIRCLE('',#3015,1.);
#3015 = AXIS2_PLACEMENT_3D('',#3016,#3017,#3018);
#3016 = CARTESIAN_POINT('',(41.,41.,1.51));
#3017 = DIRECTION('',(0.,0.,1.));
#3018 = DIRECTION('',(1.,0.,-0.));
#3019 = FACE_BOUND('',#3020,.T.);
#3020 = EDGE_LOOP('',(#3021));
#3021 = ORIENTED_EDGE('',*,*,#3022,.F.);
#3022 = EDGE_CURVE('',#3023,#3023,#3025,.T.);
#3023 = VERTEX_POINT('',#3024);
#3024 = CARTESIAN_POINT('',(33.,47.,1.51));
#3025 = CIRCLE('',#3026,1.);
#3026 = AXIS2_PLACEMENT_3D('',#3027,#3028,#3029);
#3027 = CARTESIAN_POINT('',(32.,47.,1.51));
#3028 = DIRECTION('',(0.,0.,1.));
#3029 = DIRECTION('',(1.,0.,-0.));
#3030 = FACE_BOUND('',#3031,.T.);
#3031 = EDGE_LOOP('',(#3032));
#3032 = ORIENTED_EDGE('',*,*,#3033,.T.);
#3033 = EDGE_CURVE('',#3034,#3034,#3036,.T.);
#3034 = VERTEX_POINT('',#3035);
#3035 = CARTESIAN_POINT('',(30.136028,50.282032,1.51));
#3036 = CIRCLE('',#3037,0.45);
#3037 = AXIS2_PLACEMENT_3D('',#3038,#3039,#3040);
#3038 = CARTESIAN_POINT('',(30.136028,50.732032,1.51));
#3039 = DIRECTION('',(-0.,0.,-1.));
#3040 = DIRECTION('',(-0.,-1.,0.));
#3041 = FACE_BOUND('',#3042,.T.);
#3042 = EDGE_LOOP('',(#3043));
#3043 = ORIENTED_EDGE('',*,*,#3044,.T.);
#3044 = EDGE_CURVE('',#3045,#3045,#3047,.T.);
#3045 = VERTEX_POINT('',#3046);
#3046 = CARTESIAN_POINT('',(29.914653,52.812365,1.51));
#3047 = CIRCLE('',#3048,0.45);
#3048 = AXIS2_PLACEMENT_3D('',#3049,#3050,#3051);
#3049 = CARTESIAN_POINT('',(29.914653,53.262365,1.51));
#3050 = DIRECTION('',(-0.,0.,-1.));
#3051 = DIRECTION('',(-0.,-1.,0.));
#3052 = FACE_BOUND('',#3053,.T.);
#3053 = EDGE_LOOP('',(#3054));
#3054 = ORIENTED_EDGE('',*,*,#3055,.T.);
#3055 = EDGE_CURVE('',#3056,#3056,#3058,.T.);
#3056 = VERTEX_POINT('',#3057);
#3057 = CARTESIAN_POINT('',(32.35474,50.451048,1.51));
#3058 = CIRCLE('',#3059,0.45);
#3059 = AXIS2_PLACEMENT_3D('',#3060,#3061,#3062);
#3060 = CARTESIAN_POINT('',(32.35474,50.901048,1.51));
#3061 = DIRECTION('',(-0.,0.,-1.));
#3062 = DIRECTION('',(-0.,-1.,0.));
#3063 = FACE_BOUND('',#3064,.T.);
#3064 = EDGE_LOOP('',(#3065));
#3065 = ORIENTED_EDGE('',*,*,#3066,.T.);
#3066 = EDGE_CURVE('',#3067,#3067,#3069,.T.);
#3067 = VERTEX_POINT('',#3068);
#3068 = CARTESIAN_POINT('',(32.131185,53.006288,1.51));
#3069 = CIRCLE('',#3070,0.45);
#3070 = AXIS2_PLACEMENT_3D('',#3071,#3072,#3073);
#3071 = CARTESIAN_POINT('',(32.131185,53.456288,1.51));
#3072 = DIRECTION('',(-0.,0.,-1.));
#3073 = DIRECTION('',(-0.,-1.,0.));
#3074 = FACE_BOUND('',#3075,.T.);
#3075 = EDGE_LOOP('',(#3076));
#3076 = ORIENTED_EDGE('',*,*,#3077,.T.);
#3077 = EDGE_CURVE('',#3078,#3078,#3080,.T.);
#3078 = VERTEX_POINT('',#3079);
#3079 = CARTESIAN_POINT('',(39.589641,45.259277,1.51));
#3080 = CIRCLE('',#3081,0.55);
#3081 = AXIS2_PLACEMENT_3D('',#3082,#3083,#3084);
#3082 = CARTESIAN_POINT('',(39.589641,45.809277,1.51));
#3083 = DIRECTION('',(-0.,0.,-1.));
#3084 = DIRECTION('',(-0.,-1.,0.));
#3085 = FACE_BOUND('',#3086,.T.);
#3086 = EDGE_LOOP('',(#3087));
#3087 = ORIENTED_EDGE('',*,*,#3088,.T.);
#3088 = EDGE_CURVE('',#3089,#3089,#3091,.T.);
#3089 = VERTEX_POINT('',#3090);
#3090 = CARTESIAN_POINT('',(41.518004,43.011144,1.51));
#3091 = CIRCLE('',#3092,0.5);
#3092 = AXIS2_PLACEMENT_3D('',#3093,#3094,#3095);
#3093 = CARTESIAN_POINT('',(41.518004,43.511144,1.51));
#3094 = DIRECTION('',(-0.,0.,-1.));
#3095 = DIRECTION('',(-0.,-1.,0.));
#3096 = FACE_BOUND('',#3097,.T.);
#3097 = EDGE_LOOP('',(#3098));
#3098 = ORIENTED_EDGE('',*,*,#3099,.T.);
#3099 = EDGE_CURVE('',#3100,#3100,#3102,.T.);
#3100 = VERTEX_POINT('',#3101);
#3101 = CARTESIAN_POINT('',(37.353145,50.637587,1.51));
#3102 = CIRCLE('',#3103,0.5);
#3103 = AXIS2_PLACEMENT_3D('',#3104,#3105,#3106);
#3104 = CARTESIAN_POINT('',(37.353145,51.137587,1.51));
#3105 = DIRECTION('',(-0.,0.,-1.));
#3106 = DIRECTION('',(-0.,-1.,0.));
#3107 = FACE_BOUND('',#3108,.T.);
#3108 = EDGE_LOOP('',(#3109));
#3109 = ORIENTED_EDGE('',*,*,#3110,.T.);
#3110 = EDGE_CURVE('',#3111,#3111,#3113,.T.);
#3111 = VERTEX_POINT('',#3112);
#3112 = CARTESIAN_POINT('',(37.091678,53.576171,1.51));
#3113 = CIRCLE('',#3114,0.55);
#3114 = AXIS2_PLACEMENT_3D('',#3115,#3116,#3117);
#3115 = CARTESIAN_POINT('',(37.091678,54.126171,1.51));
#3116 = DIRECTION('',(-0.,0.,-1.));
#3117 = DIRECTION('',(-0.,-1.,0.));
#3118 = FACE_BOUND('',#3119,.T.);
#3119 = EDGE_LOOP('',(#3120));
#3120 = ORIENTED_EDGE('',*,*,#3121,.T.);
#3121 = EDGE_CURVE('',#3122,#3122,#3124,.T.);
#3122 = VERTEX_POINT('',#3123);
#3123 = CARTESIAN_POINT('',(45.741993,34.685157,1.51));
#3124 = CIRCLE('',#3125,0.45);
#3125 = AXIS2_PLACEMENT_3D('',#3126,#3127,#3128);
#3126 = CARTESIAN_POINT('',(45.741993,35.135157,1.51));
#3127 = DIRECTION('',(-0.,0.,-1.));
#3128 = DIRECTION('',(1.578983857245E-14,-1.,-0.));
#3129 = FACE_BOUND('',#3130,.T.);
#3130 = EDGE_LOOP('',(#3131));
#3131 = ORIENTED_EDGE('',*,*,#3132,.T.);
#3132 = EDGE_CURVE('',#3133,#3133,#3135,.T.);
#3133 = VERTEX_POINT('',#3134);
#3134 = CARTESIAN_POINT('',(48.272326,34.463781,1.51));
#3135 = CIRCLE('',#3136,0.45);
#3136 = AXIS2_PLACEMENT_3D('',#3137,#3138,#3139);
#3137 = CARTESIAN_POINT('',(48.272326,34.913781,1.51));
#3138 = DIRECTION('',(-0.,0.,-1.));
#3139 = DIRECTION('',(-0.,-1.,0.));
#3140 = FACE_BOUND('',#3141,.T.);
#3141 = EDGE_LOOP('',(#3142));
#3142 = ORIENTED_EDGE('',*,*,#3143,.T.);
#3143 = EDGE_CURVE('',#3144,#3144,#3146,.T.);
#3144 = VERTEX_POINT('',#3145);
#3145 = CARTESIAN_POINT('',(48.491153,36.678136,1.51));
#3146 = CIRCLE('',#3147,0.45);
#3147 = AXIS2_PLACEMENT_3D('',#3148,#3149,#3150);
#3148 = CARTESIAN_POINT('',(48.491153,37.128136,1.51));
#3149 = DIRECTION('',(-0.,0.,-1.));
#3150 = DIRECTION('',(-0.,-1.,0.));
#3151 = FACE_BOUND('',#3152,.T.);
#3152 = EDGE_LOOP('',(#3153));
#3153 = ORIENTED_EDGE('',*,*,#3154,.T.);
#3154 = EDGE_CURVE('',#3155,#3155,#3157,.T.);
#3155 = VERTEX_POINT('',#3156);
#3156 = CARTESIAN_POINT('',(45.935913,36.901689,1.51));
#3157 = CIRCLE('',#3158,0.45);
#3158 = AXIS2_PLACEMENT_3D('',#3159,#3160,#3161);
#3159 = CARTESIAN_POINT('',(45.935913,37.351689,1.51));
#3160 = DIRECTION('',(-0.,0.,-1.));
#3161 = DIRECTION('',(-0.,-1.,0.));
#3162 = FACE_BOUND('',#3163,.T.);
#3163 = EDGE_LOOP('',(#3164));
#3164 = ORIENTED_EDGE('',*,*,#3165,.T.);
#3165 = EDGE_CURVE('',#3166,#3166,#3168,.T.);
#3166 = VERTEX_POINT('',#3167);
#3167 = CARTESIAN_POINT('',(46.137587,41.803145,1.51));
#3168 = CIRCLE('',#3169,0.55);
#3169 = AXIS2_PLACEMENT_3D('',#3170,#3171,#3172);
#3170 = CARTESIAN_POINT('',(46.137587,42.353145,1.51));
#3171 = DIRECTION('',(-0.,0.,-1.));
#3172 = DIRECTION('',(1.2918958832E-14,-1.,-0.));
#3173 = FACE_BOUND('',#3174,.T.);
#3174 = EDGE_LOOP('',(#3175));
#3175 = ORIENTED_EDGE('',*,*,#3176,.T.);
#3176 = EDGE_CURVE('',#3177,#3177,#3179,.T.);
#3177 = VERTEX_POINT('',#3178);
#3178 = CARTESIAN_POINT('',(49.126171,41.591678,1.51));
#3179 = CIRCLE('',#3180,0.5);
#3180 = AXIS2_PLACEMENT_3D('',#3181,#3182,#3183);
#3181 = CARTESIAN_POINT('',(49.126171,42.091678,1.51));
#3182 = DIRECTION('',(-0.,0.,-1.));
#3183 = DIRECTION('',(-0.,-1.,0.));
#3184 = FACE_BOUND('',#3185,.T.);
#3185 = EDGE_LOOP('',(#3186));
#3186 = ORIENTED_EDGE('',*,*,#3187,.T.);
#3187 = EDGE_CURVE('',#3188,#3188,#3190,.T.);
#3188 = VERTEX_POINT('',#3189);
#3189 = CARTESIAN_POINT('',(53.,35.6,1.51));
#3190 = CIRCLE('',#3191,0.4);
#3191 = AXIS2_PLACEMENT_3D('',#3192,#3193,#3194);
#3192 = CARTESIAN_POINT('',(53.,36.,1.51));
#3193 = DIRECTION('',(-0.,0.,-1.));
#3194 = DIRECTION('',(-0.,-1.,0.));
#3195 = FACE_BOUND('',#3196,.T.);
#3196 = EDGE_LOOP('',(#3197));
#3197 = ORIENTED_EDGE('',*,*,#3198,.T.);
#3198 = EDGE_CURVE('',#3199,#3199,#3201,.T.);
#3199 = VERTEX_POINT('',#3200);
#3200 = CARTESIAN_POINT('',(55.,35.6,1.51));
#3201 = CIRCLE('',#3202,0.4);
#3202 = AXIS2_PLACEMENT_3D('',#3203,#3204,#3205);
#3203 = CARTESIAN_POINT('',(55.,36.,1.51));
#3204 = DIRECTION('',(-0.,0.,-1.));
#3205 = DIRECTION('',(-0.,-1.,0.));
#3206 = FACE_BOUND('',#3207,.T.);
#3207 = EDGE_LOOP('',(#3208));
#3208 = ORIENTED_EDGE('',*,*,#3209,.T.);
#3209 = EDGE_CURVE('',#3210,#3210,#3212,.T.);
#3210 = VERTEX_POINT('',#3211);
#3211 = CARTESIAN_POINT('',(57.,35.6,1.51));
#3212 = CIRCLE('',#3213,0.4);
#3213 = AXIS2_PLACEMENT_3D('',#3214,#3215,#3216);
#3214 = CARTESIAN_POINT('',(57.,36.,1.51));
#3215 = DIRECTION('',(-0.,0.,-1.));
#3216 = DIRECTION('',(-0.,-1.,0.));
#3217 = FACE_BOUND('',#3218,.T.);
#3218 = EDGE_LOOP('',(#3219));
#3219 = ORIENTED_EDGE('',*,*,#3220,.T.);
#3220 = EDGE_CURVE('',#3221,#3221,#3223,.T.);
#3221 = VERTEX_POINT('',#3222);
#3222 = CARTESIAN_POINT('',(59.,35.6,1.51));
#3223 = CIRCLE('',#3224,0.4);
#3224 = AXIS2_PLACEMENT_3D('',#3225,#3226,#3227);
#3225 = CARTESIAN_POINT('',(59.,36.,1.51));
#3226 = DIRECTION('',(-0.,0.,-1.));
#3227 = DIRECTION('',(-0.,-1.,0.));
#3228 = PLANE('',#3229);
#3229 = AXIS2_PLACEMENT_3D('',#3230,#3231,#3232);
#3230 = CARTESIAN_POINT('',(0.,0.,1.51));
#3231 = DIRECTION('',(0.,0.,1.));
#3232 = DIRECTION('',(1.,0.,-0.));
#3233 = ADVANCED_FACE('',(#3234),#3245,.T.);
#3234 = FACE_BOUND('',#3235,.T.);
#3235 = EDGE_LOOP('',(#3236,#3242,#3243,#3244));
#3236 = ORIENTED_EDGE('',*,*,#3237,.T.);
#3237 = EDGE_CURVE('',#146,#1693,#3238,.T.);
#3238 = LINE('',#3239,#3240);
#3239 = CARTESIAN_POINT('',(-1.5,-40.,0.));
#3240 = VECTOR('',#3241,1.);
#3241 = DIRECTION('',(0.,0.,1.));
#3242 = ORIENTED_EDGE('',*,*,#1692,.T.);
#3243 = ORIENTED_EDGE('',*,*,#81,.F.);
#3244 = ORIENTED_EDGE('',*,*,#145,.F.);
#3245 = PLANE('',#3246);
#3246 = AXIS2_PLACEMENT_3D('',#3247,#3248,#3249);
#3247 = CARTESIAN_POINT('',(-1.5,-40.,0.));
#3248 = DIRECTION('',(-1.,0.,0.));
#3249 = DIRECTION('',(0.,1.,0.));
#3250 = ADVANCED_FACE('',(#3251),#3262,.T.);
#3251 = FACE_BOUND('',#3252,.T.);
#3252 = EDGE_LOOP('',(#3253,#3254,#3255,#3261));
#3253 = ORIENTED_EDGE('',*,*,#121,.T.);
#3254 = ORIENTED_EDGE('',*,*,#1758,.T.);
#3255 = ORIENTED_EDGE('',*,*,#3256,.F.);
#3256 = EDGE_CURVE('',#203,#1750,#3257,.T.);
#3257 = LINE('',#3258,#3259);
#3258 = CARTESIAN_POINT('',(55.5,-40.,0.));
#3259 = VECTOR('',#3260,1.);
#3260 = DIRECTION('',(0.,0.,1.));
#3261 = ORIENTED_EDGE('',*,*,#211,.F.);
#3262 = PLANE('',#3263);
#3263 = AXIS2_PLACEMENT_3D('',#3264,#3265,#3266);
#3264 = CARTESIAN_POINT('',(55.5,33.5,0.));
#3265 = DIRECTION('',(1.,0.,-0.));
#3266 = DIRECTION('',(0.,-1.,0.));
#3267 = ADVANCED_FACE('',(#3268),#3279,.T.);
#3268 = FACE_BOUND('',#3269,.T.);
#3269 = EDGE_LOOP('',(#3270,#3276,#3277,#3278));
#3270 = ORIENTED_EDGE('',*,*,#3271,.T.);
#3271 = EDGE_CURVE('',#154,#1701,#3272,.T.);
#3272 = LINE('',#3273,#3274);
#3273 = CARTESIAN_POINT('',(-3.176373552204E-22,-41.5,0.));
#3274 = VECTOR('',#3275,1.);
#3275 = DIRECTION('',(0.,0.,1.));
#3276 = ORIENTED_EDGE('',*,*,#1700,.T.);
#3277 = ORIENTED_EDGE('',*,*,#3237,.F.);
#3278 = ORIENTED_EDGE('',*,*,#153,.F.);
#3279 = CYLINDRICAL_SURFACE('',#3280,1.500000586493);
#3280 = AXIS2_PLACEMENT_3D('',#3281,#3282,#3283);
#3281 = CARTESIAN_POINT('',(5.86493274557E-07,-39.9999994135,0.));
#3282 = DIRECTION('',(0.,0.,-1.));
#3283 = DIRECTION('',(-3.909953634938E-07,-1.,-0.));
#3284 = ADVANCED_FACE('',(#3285),#3296,.T.);
#3285 = FACE_BOUND('',#3286,.T.);
#3286 = EDGE_LOOP('',(#3287,#3288,#3289,#3295));
#3287 = ORIENTED_EDGE('',*,*,#3256,.T.);
#3288 = ORIENTED_EDGE('',*,*,#1749,.T.);
#3289 = ORIENTED_EDGE('',*,*,#3290,.F.);
#3290 = EDGE_CURVE('',#195,#1742,#3291,.T.);
#3291 = LINE('',#3292,#3293);
#3292 = CARTESIAN_POINT('',(54.,-41.5,0.));
#3293 = VECTOR('',#3294,1.);
#3294 = DIRECTION('',(0.,0.,1.));
#3295 = ORIENTED_EDGE('',*,*,#202,.F.);
#3296 = CYLINDRICAL_SURFACE('',#3297,1.500000586493);
#3297 = AXIS2_PLACEMENT_3D('',#3298,#3299,#3300);
#3298 = CARTESIAN_POINT('',(53.999999413507,-39.9999994135,0.));
#3299 = DIRECTION('',(0.,0.,-1.));
#3300 = DIRECTION('',(1.,-3.909953663434E-07,0.));
#3301 = ADVANCED_FACE('',(#3302),#3313,.T.);
#3302 = FACE_BOUND('',#3303,.T.);
#3303 = EDGE_LOOP('',(#3304,#3310,#3311,#3312));
#3304 = ORIENTED_EDGE('',*,*,#3305,.T.);
#3305 = EDGE_CURVE('',#163,#1710,#3306,.T.);
#3306 = LINE('',#3307,#3308);
#3307 = CARTESIAN_POINT('',(5.5,-41.5,0.));
#3308 = VECTOR('',#3309,1.);
#3309 = DIRECTION('',(0.,0.,1.));
#3310 = ORIENTED_EDGE('',*,*,#1709,.T.);
#3311 = ORIENTED_EDGE('',*,*,#3271,.F.);
#3312 = ORIENTED_EDGE('',*,*,#162,.F.);
#3313 = PLANE('',#3314);
#3314 = AXIS2_PLACEMENT_3D('',#3315,#3316,#3317);
#3315 = CARTESIAN_POINT('',(5.5,-41.5,0.));
#3316 = DIRECTION('',(0.,-1.,0.));
#3317 = DIRECTION('',(-1.,0.,0.));
#3318 = ADVANCED_FACE('',(#3319),#3330,.T.);
#3319 = FACE_BOUND('',#3320,.T.);
#3320 = EDGE_LOOP('',(#3321,#3322,#3323,#3329));
#3321 = ORIENTED_EDGE('',*,*,#3290,.T.);
#3322 = ORIENTED_EDGE('',*,*,#1741,.T.);
#3323 = ORIENTED_EDGE('',*,*,#3324,.F.);
#3324 = EDGE_CURVE('',#187,#1734,#3325,.T.);
#3325 = LINE('',#3326,#3327);
#3326 = CARTESIAN_POINT('',(14.5,-41.5,0.));
#3327 = VECTOR('',#3328,1.);
#3328 = DIRECTION('',(0.,0.,1.));
#3329 = ORIENTED_EDGE('',*,*,#194,.F.);
#3330 = PLANE('',#3331);
#3331 = AXIS2_PLACEMENT_3D('',#3332,#3333,#3334);
#3332 = CARTESIAN_POINT('',(54.,-41.5,0.));
#3333 = DIRECTION('',(0.,-1.,0.));
#3334 = DIRECTION('',(-1.,0.,0.));
#3335 = ADVANCED_FACE('',(#3336),#3347,.T.);
#3336 = FACE_BOUND('',#3337,.T.);
#3337 = EDGE_LOOP('',(#3338,#3344,#3345,#3346));
#3338 = ORIENTED_EDGE('',*,*,#3339,.T.);
#3339 = EDGE_CURVE('',#171,#1718,#3340,.T.);
#3340 = LINE('',#3341,#3342);
#3341 = CARTESIAN_POINT('',(7.,-40.,0.));
#3342 = VECTOR('',#3343,1.);
#3343 = DIRECTION('',(0.,0.,1.));
#3344 = ORIENTED_EDGE('',*,*,#1717,.T.);
#3345 = ORIENTED_EDGE('',*,*,#3305,.F.);
#3346 = ORIENTED_EDGE('',*,*,#170,.F.);
#3347 = PLANE('',#3348);
#3348 = AXIS2_PLACEMENT_3D('',#3349,#3350,#3351);
#3349 = CARTESIAN_POINT('',(7.,-40.,0.));
#3350 = DIRECTION('',(0.707106781187,-0.707106781187,0.));
#3351 = DIRECTION('',(-0.707106781187,-0.707106781187,0.));
#3352 = ADVANCED_FACE('',(#3353),#3364,.T.);
#3353 = FACE_BOUND('',#3354,.T.);
#3354 = EDGE_LOOP('',(#3355,#3356,#3357,#3363));
#3355 = ORIENTED_EDGE('',*,*,#3324,.T.);
#3356 = ORIENTED_EDGE('',*,*,#1733,.T.);
#3357 = ORIENTED_EDGE('',*,*,#3358,.F.);
#3358 = EDGE_CURVE('',#179,#1726,#3359,.T.);
#3359 = LINE('',#3360,#3361);
#3360 = CARTESIAN_POINT('',(13.,-40.,0.));
#3361 = VECTOR('',#3362,1.);
#3362 = DIRECTION('',(0.,0.,1.));
#3363 = ORIENTED_EDGE('',*,*,#186,.F.);
#3364 = PLANE('',#3365);
#3365 = AXIS2_PLACEMENT_3D('',#3366,#3367,#3368);
#3366 = CARTESIAN_POINT('',(14.5,-41.5,0.));
#3367 = DIRECTION('',(-0.707106781187,-0.707106781187,0.));
#3368 = DIRECTION('',(-0.707106781187,0.707106781187,0.));
#3369 = ADVANCED_FACE('',(#3370),#3376,.T.);
#3370 = FACE_BOUND('',#3371,.T.);
#3371 = EDGE_LOOP('',(#3372,#3373,#3374,#3375));
#3372 = ORIENTED_EDGE('',*,*,#3358,.T.);
#3373 = ORIENTED_EDGE('',*,*,#1725,.T.);
#3374 = ORIENTED_EDGE('',*,*,#3339,.F.);
#3375 = ORIENTED_EDGE('',*,*,#178,.F.);
#3376 = PLANE('',#3377);
#3377 = AXIS2_PLACEMENT_3D('',#3378,#3379,#3380);
#3378 = CARTESIAN_POINT('',(13.,-40.,0.));
#3379 = DIRECTION('',(0.,-1.,0.));
#3380 = DIRECTION('',(-1.,0.,0.));
#3381 = ADVANCED_FACE('',(#3382),#3393,.F.);
#3382 = FACE_BOUND('',#3383,.T.);
#3383 = EDGE_LOOP('',(#3384,#3385,#3391,#3392));
#3384 = ORIENTED_EDGE('',*,*,#220,.T.);
#3385 = ORIENTED_EDGE('',*,*,#3386,.T.);
#3386 = EDGE_CURVE('',#221,#1768,#3387,.T.);
#3387 = LINE('',#3388,#3389);
#3388 = CARTESIAN_POINT('',(8.5,-38.78,-4.6E-02));
#3389 = VECTOR('',#3390,1.);
#3390 = DIRECTION('',(0.,0.,1.));
#3391 = ORIENTED_EDGE('',*,*,#1767,.F.);
#3392 = ORIENTED_EDGE('',*,*,#3386,.F.);
#3393 = CYLINDRICAL_SURFACE('',#3394,0.45);
#3394 = AXIS2_PLACEMENT_3D('',#3395,#3396,#3397);
#3395 = CARTESIAN_POINT('',(8.5,-38.33,-4.6E-02));
#3396 = DIRECTION('',(-0.,-0.,-1.));
#3397 = DIRECTION('',(-0.,-1.,0.));
#3398 = ADVANCED_FACE('',(#3399),#3410,.F.);
#3399 = FACE_BOUND('',#3400,.T.);
#3400 = EDGE_LOOP('',(#3401,#3407,#3408,#3409));
#3401 = ORIENTED_EDGE('',*,*,#3402,.T.);
#3402 = EDGE_CURVE('',#232,#1779,#3403,.T.);
#3403 = LINE('',#3404,#3405);
#3404 = CARTESIAN_POINT('',(11.5,-30.3,0.));
#3405 = VECTOR('',#3406,1.);
#3406 = DIRECTION('',(0.,0.,1.));
#3407 = ORIENTED_EDGE('',*,*,#1778,.T.);
#3408 = ORIENTED_EDGE('',*,*,#3402,.F.);
#3409 = ORIENTED_EDGE('',*,*,#231,.F.);
#3410 = CYLINDRICAL_SURFACE('',#3411,1.5);
#3411 = AXIS2_PLACEMENT_3D('',#3412,#3413,#3414);
#3412 = CARTESIAN_POINT('',(10.,-30.3,0.));
#3413 = DIRECTION('',(-0.,-0.,-1.));
#3414 = DIRECTION('',(1.,0.,-0.));
#3415 = ADVANCED_FACE('',(#3416),#3427,.F.);
#3416 = FACE_BOUND('',#3417,.T.);
#3417 = EDGE_LOOP('',(#3418,#3419,#3425,#3426));
#3418 = ORIENTED_EDGE('',*,*,#242,.T.);
#3419 = ORIENTED_EDGE('',*,*,#3420,.T.);
#3420 = EDGE_CURVE('',#243,#1790,#3421,.T.);
#3421 = LINE('',#3422,#3423);
#3422 = CARTESIAN_POINT('',(11.5,-38.78,-4.6E-02));
#3423 = VECTOR('',#3424,1.);
#3424 = DIRECTION('',(0.,0.,1.));
#3425 = ORIENTED_EDGE('',*,*,#1789,.F.);
#3426 = ORIENTED_EDGE('',*,*,#3420,.F.);
#3427 = CYLINDRICAL_SURFACE('',#3428,0.45);
#3428 = AXIS2_PLACEMENT_3D('',#3429,#3430,#3431);
#3429 = CARTESIAN_POINT('',(11.5,-38.33,-4.6E-02));
#3430 = DIRECTION('',(-0.,-0.,-1.));
#3431 = DIRECTION('',(-0.,-1.,0.));
#3432 = ADVANCED_FACE('',(#3433),#3444,.F.);
#3433 = FACE_BOUND('',#3434,.T.);
#3434 = EDGE_LOOP('',(#3435,#3436,#3442,#3443));
#3435 = ORIENTED_EDGE('',*,*,#253,.T.);
#3436 = ORIENTED_EDGE('',*,*,#3437,.T.);
#3437 = EDGE_CURVE('',#254,#1801,#3438,.T.);
#3438 = LINE('',#3439,#3440);
#3439 = CARTESIAN_POINT('',(15.3,-32.6,-4.6E-02));
#3440 = VECTOR('',#3441,1.);
#3441 = DIRECTION('',(0.,0.,1.));
#3442 = ORIENTED_EDGE('',*,*,#1800,.F.);
#3443 = ORIENTED_EDGE('',*,*,#3437,.F.);
#3444 = CYLINDRICAL_SURFACE('',#3445,1.1);
#3445 = AXIS2_PLACEMENT_3D('',#3446,#3447,#3448);
#3446 = CARTESIAN_POINT('',(15.3,-31.5,-4.6E-02));
#3447 = DIRECTION('',(-0.,0.,-1.));
#3448 = DIRECTION('',(1.614869854E-15,-1.,-0.));
#3449 = ADVANCED_FACE('',(#3450),#3461,.F.);
#3450 = FACE_BOUND('',#3451,.T.);
#3451 = EDGE_LOOP('',(#3452,#3458,#3459,#3460));
#3452 = ORIENTED_EDGE('',*,*,#3453,.T.);
#3453 = EDGE_CURVE('',#265,#1812,#3454,.T.);
#3454 = LINE('',#3455,#3456);
#3455 = CARTESIAN_POINT('',(11.5,-9.7,0.));
#3456 = VECTOR('',#3457,1.);
#3457 = DIRECTION('',(0.,0.,1.));
#3458 = ORIENTED_EDGE('',*,*,#1811,.T.);
#3459 = ORIENTED_EDGE('',*,*,#3453,.F.);
#3460 = ORIENTED_EDGE('',*,*,#264,.F.);
#3461 = CYLINDRICAL_SURFACE('',#3462,1.5);
#3462 = AXIS2_PLACEMENT_3D('',#3463,#3464,#3465);
#3463 = CARTESIAN_POINT('',(10.,-9.7,0.));
#3464 = DIRECTION('',(-0.,-0.,-1.));
#3465 = DIRECTION('',(1.,0.,-0.));
#3466 = ADVANCED_FACE('',(#3467),#3478,.F.);
#3467 = FACE_BOUND('',#3468,.T.);
#3468 = EDGE_LOOP('',(#3469,#3470,#3476,#3477));
#3469 = ORIENTED_EDGE('',*,*,#275,.T.);
#3470 = ORIENTED_EDGE('',*,*,#3471,.T.);
#3471 = EDGE_CURVE('',#276,#1823,#3472,.T.);
#3472 = LINE('',#3473,#3474);
#3473 = CARTESIAN_POINT('',(9.,-2.79,-4.6E-02));
#3474 = VECTOR('',#3475,1.);
#3475 = DIRECTION('',(0.,0.,1.));
#3476 = ORIENTED_EDGE('',*,*,#1822,.F.);
#3477 = ORIENTED_EDGE('',*,*,#3471,.F.);
#3478 = CYLINDRICAL_SURFACE('',#3479,0.5);
#3479 = AXIS2_PLACEMENT_3D('',#3480,#3481,#3482);
#3480 = CARTESIAN_POINT('',(9.,-2.29,-4.6E-02));
#3481 = DIRECTION('',(-0.,-0.,-1.));
#3482 = DIRECTION('',(-0.,-1.,0.));
#3483 = ADVANCED_FACE('',(#3484),#3495,.F.);
#3484 = FACE_BOUND('',#3485,.T.);
#3485 = EDGE_LOOP('',(#3486,#3487,#3493,#3494));
#3486 = ORIENTED_EDGE('',*,*,#286,.T.);
#3487 = ORIENTED_EDGE('',*,*,#3488,.T.);
#3488 = EDGE_CURVE('',#287,#1834,#3489,.T.);
#3489 = LINE('',#3490,#3491);
#3490 = CARTESIAN_POINT('',(9.,-0.25,-4.6E-02));
#3491 = VECTOR('',#3492,1.);
#3492 = DIRECTION('',(0.,0.,1.));
#3493 = ORIENTED_EDGE('',*,*,#1833,.F.);
#3494 = ORIENTED_EDGE('',*,*,#3488,.F.);
#3495 = CYLINDRICAL_SURFACE('',#3496,0.5);
#3496 = AXIS2_PLACEMENT_3D('',#3497,#3498,#3499);
#3497 = CARTESIAN_POINT('',(9.,0.25,-4.6E-02));
#3498 = DIRECTION('',(-0.,-0.,-1.));
#3499 = DIRECTION('',(-0.,-1.,0.));
#3500 = ADVANCED_FACE('',(#3501),#3512,.F.);
#3501 = FACE_BOUND('',#3502,.T.);
#3502 = EDGE_LOOP('',(#3503,#3504,#3510,#3511));
#3503 = ORIENTED_EDGE('',*,*,#297,.T.);
#3504 = ORIENTED_EDGE('',*,*,#3505,.T.);
#3505 = EDGE_CURVE('',#298,#1845,#3506,.T.);
#3506 = LINE('',#3507,#3508);
#3507 = CARTESIAN_POINT('',(15.3,-8.6,-4.6E-02));
#3508 = VECTOR('',#3509,1.);
#3509 = DIRECTION('',(0.,0.,1.));
#3510 = ORIENTED_EDGE('',*,*,#1844,.F.);
#3511 = ORIENTED_EDGE('',*,*,#3505,.F.);
#3512 = CYLINDRICAL_SURFACE('',#3513,1.1);
#3513 = AXIS2_PLACEMENT_3D('',#3514,#3515,#3516);
#3514 = CARTESIAN_POINT('',(15.3,-7.5,-4.6E-02));
#3515 = DIRECTION('',(-0.,0.,-1.));
#3516 = DIRECTION('',(1.614869854E-15,-1.,-0.));
#3517 = ADVANCED_FACE('',(#3518),#3529,.F.);
#3518 = FACE_BOUND('',#3519,.T.);
#3519 = EDGE_LOOP('',(#3520,#3521,#3527,#3528));
#3520 = ORIENTED_EDGE('',*,*,#308,.T.);
#3521 = ORIENTED_EDGE('',*,*,#3522,.T.);
#3522 = EDGE_CURVE('',#309,#1856,#3523,.T.);
#3523 = LINE('',#3524,#3525);
#3524 = CARTESIAN_POINT('',(23.19,-7.569,-4.6E-02));
#3525 = VECTOR('',#3526,1.);
#3526 = DIRECTION('',(0.,0.,1.));
#3527 = ORIENTED_EDGE('',*,*,#1855,.F.);
#3528 = ORIENTED_EDGE('',*,*,#3522,.F.);
#3529 = CYLINDRICAL_SURFACE('',#3530,0.5);
#3530 = AXIS2_PLACEMENT_3D('',#3531,#3532,#3533);
#3531 = CARTESIAN_POINT('',(23.19,-7.069,-4.6E-02));
#3532 = DIRECTION('',(-0.,-0.,-1.));
#3533 = DIRECTION('',(-0.,-1.,0.));
#3534 = ADVANCED_FACE('',(#3535),#3546,.F.);
#3535 = FACE_BOUND('',#3536,.T.);
#3536 = EDGE_LOOP('',(#3537,#3538,#3544,#3545));
#3537 = ORIENTED_EDGE('',*,*,#319,.T.);
#3538 = ORIENTED_EDGE('',*,*,#3539,.T.);
#3539 = EDGE_CURVE('',#320,#1867,#3540,.T.);
#3540 = LINE('',#3541,#3542);
#3541 = CARTESIAN_POINT('',(25.73,-7.569,-4.6E-02));
#3542 = VECTOR('',#3543,1.);
#3543 = DIRECTION('',(0.,0.,1.));
#3544 = ORIENTED_EDGE('',*,*,#1866,.F.);
#3545 = ORIENTED_EDGE('',*,*,#3539,.F.);
#3546 = CYLINDRICAL_SURFACE('',#3547,0.5);
#3547 = AXIS2_PLACEMENT_3D('',#3548,#3549,#3550);
#3548 = CARTESIAN_POINT('',(25.73,-7.069,-4.6E-02));
#3549 = DIRECTION('',(-0.,-0.,-1.));
#3550 = DIRECTION('',(-0.,-1.,0.));
#3551 = ADVANCED_FACE('',(#3552),#3563,.F.);
#3552 = FACE_BOUND('',#3553,.T.);
#3553 = EDGE_LOOP('',(#3554,#3555,#3561,#3562));
#3554 = ORIENTED_EDGE('',*,*,#330,.T.);
#3555 = ORIENTED_EDGE('',*,*,#3556,.T.);
#3556 = EDGE_CURVE('',#331,#1878,#3557,.T.);
#3557 = LINE('',#3558,#3559);
#3558 = CARTESIAN_POINT('',(14.3,0.455,-4.6E-02));
#3559 = VECTOR('',#3560,1.);
#3560 = DIRECTION('',(0.,0.,1.));
#3561 = ORIENTED_EDGE('',*,*,#1877,.F.);
#3562 = ORIENTED_EDGE('',*,*,#3556,.F.);
#3563 = CYLINDRICAL_SURFACE('',#3564,0.5);
#3564 = AXIS2_PLACEMENT_3D('',#3565,#3566,#3567);
#3565 = CARTESIAN_POINT('',(14.3,0.955,-4.6E-02));
#3566 = DIRECTION('',(-0.,-0.,-1.));
#3567 = DIRECTION('',(-0.,-1.,0.));
#3568 = ADVANCED_FACE('',(#3569),#3580,.F.);
#3569 = FACE_BOUND('',#3570,.T.);
#3570 = EDGE_LOOP('',(#3571,#3572,#3578,#3579));
#3571 = ORIENTED_EDGE('',*,*,#341,.T.);
#3572 = ORIENTED_EDGE('',*,*,#3573,.T.);
#3573 = EDGE_CURVE('',#342,#1889,#3574,.T.);
#3574 = LINE('',#3575,#3576);
#3575 = CARTESIAN_POINT('',(18.5,-2.4,-4.6E-02));
#3576 = VECTOR('',#3577,1.);
#3577 = DIRECTION('',(0.,0.,1.));
#3578 = ORIENTED_EDGE('',*,*,#1888,.F.);
#3579 = ORIENTED_EDGE('',*,*,#3573,.F.);
#3580 = CYLINDRICAL_SURFACE('',#3581,0.4);
#3581 = AXIS2_PLACEMENT_3D('',#3582,#3583,#3584);
#3582 = CARTESIAN_POINT('',(18.5,-2.,-4.6E-02));
#3583 = DIRECTION('',(-0.,-0.,-1.));
#3584 = DIRECTION('',(-0.,-1.,0.));
#3585 = ADVANCED_FACE('',(#3586),#3597,.F.);
#3586 = FACE_BOUND('',#3587,.T.);
#3587 = EDGE_LOOP('',(#3588,#3589,#3595,#3596));
#3588 = ORIENTED_EDGE('',*,*,#352,.T.);
#3589 = ORIENTED_EDGE('',*,*,#3590,.T.);
#3590 = EDGE_CURVE('',#353,#1900,#3591,.T.);
#3591 = LINE('',#3592,#3593);
#3592 = CARTESIAN_POINT('',(14.3,2.995,-4.6E-02));
#3593 = VECTOR('',#3594,1.);
#3594 = DIRECTION('',(0.,0.,1.));
#3595 = ORIENTED_EDGE('',*,*,#1899,.F.);
#3596 = ORIENTED_EDGE('',*,*,#3590,.F.);
#3597 = CYLINDRICAL_SURFACE('',#3598,0.5);
#3598 = AXIS2_PLACEMENT_3D('',#3599,#3600,#3601);
#3599 = CARTESIAN_POINT('',(14.3,3.495,-4.6E-02));
#3600 = DIRECTION('',(-0.,-0.,-1.));
#3601 = DIRECTION('',(-0.,-1.,0.));
#3602 = ADVANCED_FACE('',(#3603),#3614,.F.);
#3603 = FACE_BOUND('',#3604,.T.);
#3604 = EDGE_LOOP('',(#3605,#3606,#3612,#3613));
#3605 = ORIENTED_EDGE('',*,*,#363,.T.);
#3606 = ORIENTED_EDGE('',*,*,#3607,.T.);
#3607 = EDGE_CURVE('',#364,#1911,#3608,.T.);
#3608 = LINE('',#3609,#3610);
#3609 = CARTESIAN_POINT('',(14.3,5.535,-4.6E-02));
#3610 = VECTOR('',#3611,1.);
#3611 = DIRECTION('',(0.,0.,1.));
#3612 = ORIENTED_EDGE('',*,*,#1910,.F.);
#3613 = ORIENTED_EDGE('',*,*,#3607,.F.);
#3614 = CYLINDRICAL_SURFACE('',#3615,0.5);
#3615 = AXIS2_PLACEMENT_3D('',#3616,#3617,#3618);
#3616 = CARTESIAN_POINT('',(14.3,6.035,-4.6E-02));
#3617 = DIRECTION('',(-0.,-0.,-1.));
#3618 = DIRECTION('',(-0.,-1.,0.));
#3619 = ADVANCED_FACE('',(#3620),#3631,.F.);
#3620 = FACE_BOUND('',#3621,.T.);
#3621 = EDGE_LOOP('',(#3622,#3623,#3629,#3630));
#3622 = ORIENTED_EDGE('',*,*,#374,.T.);
#3623 = ORIENTED_EDGE('',*,*,#3624,.T.);
#3624 = EDGE_CURVE('',#375,#1922,#3625,.T.);
#3625 = LINE('',#3626,#3627);
#3626 = CARTESIAN_POINT('',(18.1016,2.0334,-4.6E-02));
#3627 = VECTOR('',#3628,1.);
#3628 = DIRECTION('',(0.,0.,1.));
#3629 = ORIENTED_EDGE('',*,*,#1921,.F.);
#3630 = ORIENTED_EDGE('',*,*,#3624,.F.);
#3631 = CYLINDRICAL_SURFACE('',#3632,0.5);
#3632 = AXIS2_PLACEMENT_3D('',#3633,#3634,#3635);
#3633 = CARTESIAN_POINT('',(18.1016,2.5334,-4.6E-02));
#3634 = DIRECTION('',(-0.,-0.,-1.));
#3635 = DIRECTION('',(-0.,-1.,0.));
#3636 = ADVANCED_FACE('',(#3637),#3648,.F.);
#3637 = FACE_BOUND('',#3638,.T.);
#3638 = EDGE_LOOP('',(#3639,#3640,#3646,#3647));
#3639 = ORIENTED_EDGE('',*,*,#385,.T.);
#3640 = ORIENTED_EDGE('',*,*,#3641,.T.);
#3641 = EDGE_CURVE('',#386,#1933,#3642,.T.);
#3642 = LINE('',#3643,#3644);
#3643 = CARTESIAN_POINT('',(20.5,-2.4,-4.6E-02));
#3644 = VECTOR('',#3645,1.);
#3645 = DIRECTION('',(0.,0.,1.));
#3646 = ORIENTED_EDGE('',*,*,#1932,.F.);
#3647 = ORIENTED_EDGE('',*,*,#3641,.F.);
#3648 = CYLINDRICAL_SURFACE('',#3649,0.4);
#3649 = AXIS2_PLACEMENT_3D('',#3650,#3651,#3652);
#3650 = CARTESIAN_POINT('',(20.5,-2.,-4.6E-02));
#3651 = DIRECTION('',(-0.,-0.,-1.));
#3652 = DIRECTION('',(-0.,-1.,0.));
#3653 = ADVANCED_FACE('',(#3654),#3665,.F.);
#3654 = FACE_BOUND('',#3655,.T.);
#3655 = EDGE_LOOP('',(#3656,#3657,#3663,#3664));
#3656 = ORIENTED_EDGE('',*,*,#396,.T.);
#3657 = ORIENTED_EDGE('',*,*,#3658,.T.);
#3658 = EDGE_CURVE('',#397,#1944,#3659,.T.);
#3659 = LINE('',#3660,#3661);
#3660 = CARTESIAN_POINT('',(26.,-2.4,-4.6E-02));
#3661 = VECTOR('',#3662,1.);
#3662 = DIRECTION('',(0.,0.,1.));
#3663 = ORIENTED_EDGE('',*,*,#1943,.F.);
#3664 = ORIENTED_EDGE('',*,*,#3658,.F.);
#3665 = CYLINDRICAL_SURFACE('',#3666,0.4);
#3666 = AXIS2_PLACEMENT_3D('',#3667,#3668,#3669);
#3667 = CARTESIAN_POINT('',(26.,-2.,-4.6E-02));
#3668 = DIRECTION('',(-0.,-0.,-1.));
#3669 = DIRECTION('',(-0.,-1.,0.));
#3670 = ADVANCED_FACE('',(#3671),#3682,.F.);
#3671 = FACE_BOUND('',#3672,.T.);
#3672 = EDGE_LOOP('',(#3673,#3674,#3680,#3681));
#3673 = ORIENTED_EDGE('',*,*,#407,.T.);
#3674 = ORIENTED_EDGE('',*,*,#3675,.T.);
#3675 = EDGE_CURVE('',#408,#1955,#3676,.T.);
#3676 = LINE('',#3677,#3678);
#3677 = CARTESIAN_POINT('',(20.6416,2.0334,-4.6E-02));
#3678 = VECTOR('',#3679,1.);
#3679 = DIRECTION('',(0.,0.,1.));
#3680 = ORIENTED_EDGE('',*,*,#1954,.F.);
#3681 = ORIENTED_EDGE('',*,*,#3675,.F.);
#3682 = CYLINDRICAL_SURFACE('',#3683,0.5);
#3683 = AXIS2_PLACEMENT_3D('',#3684,#3685,#3686);
#3684 = CARTESIAN_POINT('',(20.6416,2.5334,-4.6E-02));
#3685 = DIRECTION('',(-0.,-0.,-1.));
#3686 = DIRECTION('',(-0.,-1.,0.));
#3687 = ADVANCED_FACE('',(#3688),#3699,.F.);
#3688 = FACE_BOUND('',#3689,.T.);
#3689 = EDGE_LOOP('',(#3690,#3691,#3697,#3698));
#3690 = ORIENTED_EDGE('',*,*,#418,.T.);
#3691 = ORIENTED_EDGE('',*,*,#3692,.T.);
#3692 = EDGE_CURVE('',#419,#1966,#3693,.T.);
#3693 = LINE('',#3694,#3695);
#3694 = CARTESIAN_POINT('',(23.1816,2.0334,-4.6E-02));
#3695 = VECTOR('',#3696,1.);
#3696 = DIRECTION('',(0.,0.,1.));
#3697 = ORIENTED_EDGE('',*,*,#1965,.F.);
#3698 = ORIENTED_EDGE('',*,*,#3692,.F.);
#3699 = CYLINDRICAL_SURFACE('',#3700,0.5);
#3700 = AXIS2_PLACEMENT_3D('',#3701,#3702,#3703);
#3701 = CARTESIAN_POINT('',(23.1816,2.5334,-4.6E-02));
#3702 = DIRECTION('',(-0.,-0.,-1.));
#3703 = DIRECTION('',(-0.,-1.,0.));
#3704 = ADVANCED_FACE('',(#3705),#3716,.F.);
#3705 = FACE_BOUND('',#3706,.T.);
#3706 = EDGE_LOOP('',(#3707,#3708,#3714,#3715));
#3707 = ORIENTED_EDGE('',*,*,#429,.T.);
#3708 = ORIENTED_EDGE('',*,*,#3709,.T.);
#3709 = EDGE_CURVE('',#430,#1977,#3710,.T.);
#3710 = LINE('',#3711,#3712);
#3711 = CARTESIAN_POINT('',(25.7216,2.0334,-4.6E-02));
#3712 = VECTOR('',#3713,1.);
#3713 = DIRECTION('',(0.,0.,1.));
#3714 = ORIENTED_EDGE('',*,*,#1976,.F.);
#3715 = ORIENTED_EDGE('',*,*,#3709,.F.);
#3716 = CYLINDRICAL_SURFACE('',#3717,0.5);
#3717 = AXIS2_PLACEMENT_3D('',#3718,#3719,#3720);
#3718 = CARTESIAN_POINT('',(25.7216,2.5334,-4.6E-02));
#3719 = DIRECTION('',(-0.,-0.,-1.));
#3720 = DIRECTION('',(-0.,-1.,0.));
#3721 = ADVANCED_FACE('',(#3722),#3738,.T.);
#3722 = FACE_BOUND('',#3723,.T.);
#3723 = EDGE_LOOP('',(#3724,#3730,#3731,#3737));
#3724 = ORIENTED_EDGE('',*,*,#3725,.T.);
#3725 = EDGE_CURVE('',#441,#1988,#3726,.T.);
#3726 = LINE('',#3727,#3728);
#3727 = CARTESIAN_POINT('',(17.5,-33.5,0.));
#3728 = VECTOR('',#3729,1.);
#3729 = DIRECTION('',(0.,0.,1.));
#3730 = ORIENTED_EDGE('',*,*,#1987,.T.);
#3731 = ORIENTED_EDGE('',*,*,#3732,.F.);
#3732 = EDGE_CURVE('',#443,#1990,#3733,.T.);
#3733 = LINE('',#3734,#3735);
#3734 = CARTESIAN_POINT('',(36.5,-33.5,0.));
#3735 = VECTOR('',#3736,1.);
#3736 = DIRECTION('',(0.,0.,1.));
#3737 = ORIENTED_EDGE('',*,*,#440,.F.);
#3738 = PLANE('',#3739);
#3739 = AXIS2_PLACEMENT_3D('',#3740,#3741,#3742);
#3740 = CARTESIAN_POINT('',(17.5,-33.5,0.));
#3741 = DIRECTION('',(0.,1.,0.));
#3742 = DIRECTION('',(1.,0.,0.));
#3743 = ADVANCED_FACE('',(#3744),#3755,.T.);
#3744 = FACE_BOUND('',#3745,.T.);
#3745 = EDGE_LOOP('',(#3746,#3752,#3753,#3754));
#3746 = ORIENTED_EDGE('',*,*,#3747,.T.);
#3747 = EDGE_CURVE('',#451,#1998,#3748,.T.);
#3748 = LINE('',#3749,#3750);
#3749 = CARTESIAN_POINT('',(17.5,-31.5,0.));
#3750 = VECTOR('',#3751,1.);
#3751 = DIRECTION('',(0.,0.,1.));
#3752 = ORIENTED_EDGE('',*,*,#1997,.T.);
#3753 = ORIENTED_EDGE('',*,*,#3725,.F.);
#3754 = ORIENTED_EDGE('',*,*,#450,.F.);
#3755 = PLANE('',#3756);
#3756 = AXIS2_PLACEMENT_3D('',#3757,#3758,#3759);
#3757 = CARTESIAN_POINT('',(17.5,-31.5,0.));
#3758 = DIRECTION('',(1.,0.,-0.));
#3759 = DIRECTION('',(0.,-1.,0.));
#3760 = ADVANCED_FACE('',(#3761),#3772,.T.);
#3761 = FACE_BOUND('',#3762,.T.);
#3762 = EDGE_LOOP('',(#3763,#3764,#3765,#3771));
#3763 = ORIENTED_EDGE('',*,*,#3732,.T.);
#3764 = ORIENTED_EDGE('',*,*,#2013,.T.);
#3765 = ORIENTED_EDGE('',*,*,#3766,.F.);
#3766 = EDGE_CURVE('',#459,#2006,#3767,.T.);
#3767 = LINE('',#3768,#3769);
#3768 = CARTESIAN_POINT('',(36.5,-31.5,0.));
#3769 = VECTOR('',#3770,1.);
#3770 = DIRECTION('',(0.,0.,1.));
#3771 = ORIENTED_EDGE('',*,*,#466,.F.);
#3772 = PLANE('',#3773);
#3773 = AXIS2_PLACEMENT_3D('',#3774,#3775,#3776);
#3774 = CARTESIAN_POINT('',(36.5,-33.5,0.));
#3775 = DIRECTION('',(-1.,0.,0.));
#3776 = DIRECTION('',(0.,1.,0.));
#3777 = ADVANCED_FACE('',(#3778),#3784,.T.);
#3778 = FACE_BOUND('',#3779,.T.);
#3779 = EDGE_LOOP('',(#3780,#3781,#3782,#3783));
#3780 = ORIENTED_EDGE('',*,*,#3766,.T.);
#3781 = ORIENTED_EDGE('',*,*,#2005,.T.);
#3782 = ORIENTED_EDGE('',*,*,#3747,.F.);
#3783 = ORIENTED_EDGE('',*,*,#458,.F.);
#3784 = PLANE('',#3785);
#3785 = AXIS2_PLACEMENT_3D('',#3786,#3787,#3788);
#3786 = CARTESIAN_POINT('',(36.5,-31.5,0.));
#3787 = DIRECTION('',(0.,-1.,0.));
#3788 = DIRECTION('',(-1.,0.,0.));
#3789 = ADVANCED_FACE('',(#3790),#3801,.F.);
#3790 = FACE_BOUND('',#3791,.T.);
#3791 = EDGE_LOOP('',(#3792,#3793,#3799,#3800));
#3792 = ORIENTED_EDGE('',*,*,#474,.T.);
#3793 = ORIENTED_EDGE('',*,*,#3794,.T.);
#3794 = EDGE_CURVE('',#475,#2022,#3795,.T.);
#3795 = LINE('',#3796,#3797);
#3796 = CARTESIAN_POINT('',(38.7,-32.6,-4.6E-02));
#3797 = VECTOR('',#3798,1.);
#3798 = DIRECTION('',(0.,0.,1.));
#3799 = ORIENTED_EDGE('',*,*,#2021,.F.);
#3800 = ORIENTED_EDGE('',*,*,#3794,.F.);
#3801 = CYLINDRICAL_SURFACE('',#3802,1.1);
#3802 = AXIS2_PLACEMENT_3D('',#3803,#3804,#3805);
#3803 = CARTESIAN_POINT('',(38.7,-31.5,-4.6E-02));
#3804 = DIRECTION('',(-0.,-0.,-1.));
#3805 = DIRECTION('',(-0.,-1.,0.));
#3806 = ADVANCED_FACE('',(#3807),#3818,.F.);
#3807 = FACE_BOUND('',#3808,.T.);
#3808 = EDGE_LOOP('',(#3809,#3815,#3816,#3817));
#3809 = ORIENTED_EDGE('',*,*,#3810,.T.);
#3810 = EDGE_CURVE('',#486,#2033,#3811,.T.);
#3811 = LINE('',#3812,#3813);
#3812 = CARTESIAN_POINT('',(45.5,-30.3,0.));
#3813 = VECTOR('',#3814,1.);
#3814 = DIRECTION('',(0.,0.,1.));
#3815 = ORIENTED_EDGE('',*,*,#2032,.T.);
#3816 = ORIENTED_EDGE('',*,*,#3810,.F.);
#3817 = ORIENTED_EDGE('',*,*,#485,.F.);
#3818 = CYLINDRICAL_SURFACE('',#3819,1.5);
#3819 = AXIS2_PLACEMENT_3D('',#3820,#3821,#3822);
#3820 = CARTESIAN_POINT('',(44.,-30.3,0.));
#3821 = DIRECTION('',(-0.,-0.,-1.));
#3822 = DIRECTION('',(1.,0.,-0.));
#3823 = ADVANCED_FACE('',(#3824),#3835,.F.);
#3824 = FACE_BOUND('',#3825,.T.);
#3825 = EDGE_LOOP('',(#3826,#3827,#3833,#3834));
#3826 = ORIENTED_EDGE('',*,*,#496,.T.);
#3827 = ORIENTED_EDGE('',*,*,#3828,.T.);
#3828 = EDGE_CURVE('',#497,#2044,#3829,.T.);
#3829 = LINE('',#3830,#3831);
#3830 = CARTESIAN_POINT('',(28.27,-7.569,-4.6E-02));
#3831 = VECTOR('',#3832,1.);
#3832 = DIRECTION('',(0.,0.,1.));
#3833 = ORIENTED_EDGE('',*,*,#2043,.F.);
#3834 = ORIENTED_EDGE('',*,*,#3828,.F.);
#3835 = CYLINDRICAL_SURFACE('',#3836,0.5);
#3836 = AXIS2_PLACEMENT_3D('',#3837,#3838,#3839);
#3837 = CARTESIAN_POINT('',(28.27,-7.069,-4.6E-02));
#3838 = DIRECTION('',(-0.,-0.,-1.));
#3839 = DIRECTION('',(-0.,-1.,0.));
#3840 = ADVANCED_FACE('',(#3841),#3852,.F.);
#3841 = FACE_BOUND('',#3842,.T.);
#3842 = EDGE_LOOP('',(#3843,#3844,#3850,#3851));
#3843 = ORIENTED_EDGE('',*,*,#507,.T.);
#3844 = ORIENTED_EDGE('',*,*,#3845,.T.);
#3845 = EDGE_CURVE('',#508,#2055,#3846,.T.);
#3846 = LINE('',#3847,#3848);
#3847 = CARTESIAN_POINT('',(30.81,-7.569,-4.6E-02));
#3848 = VECTOR('',#3849,1.);
#3849 = DIRECTION('',(0.,0.,1.));
#3850 = ORIENTED_EDGE('',*,*,#2054,.F.);
#3851 = ORIENTED_EDGE('',*,*,#3845,.F.);
#3852 = CYLINDRICAL_SURFACE('',#3853,0.5);
#3853 = AXIS2_PLACEMENT_3D('',#3854,#3855,#3856);
#3854 = CARTESIAN_POINT('',(30.81,-7.069,-4.6E-02));
#3855 = DIRECTION('',(-0.,-0.,-1.));
#3856 = DIRECTION('',(-0.,-1.,0.));
#3857 = ADVANCED_FACE('',(#3858),#3869,.F.);
#3858 = FACE_BOUND('',#3859,.T.);
#3859 = EDGE_LOOP('',(#3860,#3861,#3867,#3868));
#3860 = ORIENTED_EDGE('',*,*,#518,.T.);
#3861 = ORIENTED_EDGE('',*,*,#3862,.T.);
#3862 = EDGE_CURVE('',#519,#2066,#3863,.T.);
#3863 = LINE('',#3864,#3865);
#3864 = CARTESIAN_POINT('',(38.7,-8.6,-4.6E-02));
#3865 = VECTOR('',#3866,1.);
#3866 = DIRECTION('',(0.,0.,1.));
#3867 = ORIENTED_EDGE('',*,*,#2065,.F.);
#3868 = ORIENTED_EDGE('',*,*,#3862,.F.);
#3869 = CYLINDRICAL_SURFACE('',#3870,1.1);
#3870 = AXIS2_PLACEMENT_3D('',#3871,#3872,#3873);
#3871 = CARTESIAN_POINT('',(38.7,-7.5,-4.6E-02));
#3872 = DIRECTION('',(-0.,-0.,-1.));
#3873 = DIRECTION('',(-0.,-1.,0.));
#3874 = ADVANCED_FACE('',(#3875),#3886,.F.);
#3875 = FACE_BOUND('',#3876,.T.);
#3876 = EDGE_LOOP('',(#3877,#3878,#3884,#3885));
#3877 = ORIENTED_EDGE('',*,*,#529,.T.);
#3878 = ORIENTED_EDGE('',*,*,#3879,.T.);
#3879 = EDGE_CURVE('',#530,#2077,#3880,.T.);
#3880 = LINE('',#3881,#3882);
#3881 = CARTESIAN_POINT('',(28.,-2.4,-4.6E-02));
#3882 = VECTOR('',#3883,1.);
#3883 = DIRECTION('',(0.,0.,1.));
#3884 = ORIENTED_EDGE('',*,*,#2076,.F.);
#3885 = ORIENTED_EDGE('',*,*,#3879,.F.);
#3886 = CYLINDRICAL_SURFACE('',#3887,0.4);
#3887 = AXIS2_PLACEMENT_3D('',#3888,#3889,#3890);
#3888 = CARTESIAN_POINT('',(28.,-2.,-4.6E-02));
#3889 = DIRECTION('',(-0.,-0.,-1.));
#3890 = DIRECTION('',(-0.,-1.,0.));
#3891 = ADVANCED_FACE('',(#3892),#3903,.F.);
#3892 = FACE_BOUND('',#3893,.T.);
#3893 = EDGE_LOOP('',(#3894,#3895,#3901,#3902));
#3894 = ORIENTED_EDGE('',*,*,#540,.T.);
#3895 = ORIENTED_EDGE('',*,*,#3896,.T.);
#3896 = EDGE_CURVE('',#541,#2088,#3897,.T.);
#3897 = LINE('',#3898,#3899);
#3898 = CARTESIAN_POINT('',(33.5,-2.4,-4.6E-02));
#3899 = VECTOR('',#3900,1.);
#3900 = DIRECTION('',(0.,0.,1.));
#3901 = ORIENTED_EDGE('',*,*,#2087,.F.);
#3902 = ORIENTED_EDGE('',*,*,#3896,.F.);
#3903 = CYLINDRICAL_SURFACE('',#3904,0.4);
#3904 = AXIS2_PLACEMENT_3D('',#3905,#3906,#3907);
#3905 = CARTESIAN_POINT('',(33.5,-2.,-4.6E-02));
#3906 = DIRECTION('',(-0.,-0.,-1.));
#3907 = DIRECTION('',(-0.,-1.,0.));
#3908 = ADVANCED_FACE('',(#3909),#3920,.F.);
#3909 = FACE_BOUND('',#3910,.T.);
#3910 = EDGE_LOOP('',(#3911,#3912,#3918,#3919));
#3911 = ORIENTED_EDGE('',*,*,#551,.T.);
#3912 = ORIENTED_EDGE('',*,*,#3913,.T.);
#3913 = EDGE_CURVE('',#552,#2099,#3914,.T.);
#3914 = LINE('',#3915,#3916);
#3915 = CARTESIAN_POINT('',(28.2616,2.0334,-4.6E-02));
#3916 = VECTOR('',#3917,1.);
#3917 = DIRECTION('',(0.,0.,1.));
#3918 = ORIENTED_EDGE('',*,*,#2098,.F.);
#3919 = ORIENTED_EDGE('',*,*,#3913,.F.);
#3920 = CYLINDRICAL_SURFACE('',#3921,0.5);
#3921 = AXIS2_PLACEMENT_3D('',#3922,#3923,#3924);
#3922 = CARTESIAN_POINT('',(28.2616,2.5334,-4.6E-02));
#3923 = DIRECTION('',(-0.,-0.,-1.));
#3924 = DIRECTION('',(-0.,-1.,0.));
#3925 = ADVANCED_FACE('',(#3926),#3937,.F.);
#3926 = FACE_BOUND('',#3927,.T.);
#3927 = EDGE_LOOP('',(#3928,#3929,#3935,#3936));
#3928 = ORIENTED_EDGE('',*,*,#562,.T.);
#3929 = ORIENTED_EDGE('',*,*,#3930,.T.);
#3930 = EDGE_CURVE('',#563,#2110,#3931,.T.);
#3931 = LINE('',#3932,#3933);
#3932 = CARTESIAN_POINT('',(30.8016,2.0334,-4.6E-02));
#3933 = VECTOR('',#3934,1.);
#3934 = DIRECTION('',(0.,0.,1.));
#3935 = ORIENTED_EDGE('',*,*,#2109,.F.);
#3936 = ORIENTED_EDGE('',*,*,#3930,.F.);
#3937 = CYLINDRICAL_SURFACE('',#3938,0.5);
#3938 = AXIS2_PLACEMENT_3D('',#3939,#3940,#3941);
#3939 = CARTESIAN_POINT('',(30.8016,2.5334,-4.6E-02));
#3940 = DIRECTION('',(-0.,-0.,-1.));
#3941 = DIRECTION('',(-0.,-1.,0.));
#3942 = ADVANCED_FACE('',(#3943),#3954,.F.);
#3943 = FACE_BOUND('',#3944,.T.);
#3944 = EDGE_LOOP('',(#3945,#3946,#3952,#3953));
#3945 = ORIENTED_EDGE('',*,*,#573,.T.);
#3946 = ORIENTED_EDGE('',*,*,#3947,.T.);
#3947 = EDGE_CURVE('',#574,#2121,#3948,.T.);
#3948 = LINE('',#3949,#3950);
#3949 = CARTESIAN_POINT('',(33.3416,2.0334,-4.6E-02));
#3950 = VECTOR('',#3951,1.);
#3951 = DIRECTION('',(0.,0.,1.));
#3952 = ORIENTED_EDGE('',*,*,#2120,.F.);
#3953 = ORIENTED_EDGE('',*,*,#3947,.F.);
#3954 = CYLINDRICAL_SURFACE('',#3955,0.5);
#3955 = AXIS2_PLACEMENT_3D('',#3956,#3957,#3958);
#3956 = CARTESIAN_POINT('',(33.3416,2.5334,-4.6E-02));
#3957 = DIRECTION('',(-0.,-0.,-1.));
#3958 = DIRECTION('',(-0.,-1.,0.));
#3959 = ADVANCED_FACE('',(#3960),#3971,.F.);
#3960 = FACE_BOUND('',#3961,.T.);
#3961 = EDGE_LOOP('',(#3962,#3963,#3969,#3970));
#3962 = ORIENTED_EDGE('',*,*,#584,.T.);
#3963 = ORIENTED_EDGE('',*,*,#3964,.T.);
#3964 = EDGE_CURVE('',#585,#2132,#3965,.T.);
#3965 = LINE('',#3966,#3967);
#3966 = CARTESIAN_POINT('',(35.5,-2.4,-4.6E-02));
#3967 = VECTOR('',#3968,1.);
#3968 = DIRECTION('',(0.,0.,1.));
#3969 = ORIENTED_EDGE('',*,*,#2131,.F.);
#3970 = ORIENTED_EDGE('',*,*,#3964,.F.);
#3971 = CYLINDRICAL_SURFACE('',#3972,0.4);
#3972 = AXIS2_PLACEMENT_3D('',#3973,#3974,#3975);
#3973 = CARTESIAN_POINT('',(35.5,-2.,-4.6E-02));
#3974 = DIRECTION('',(-0.,-0.,-1.));
#3975 = DIRECTION('',(-0.,-1.,0.));
#3976 = ADVANCED_FACE('',(#3977),#3988,.F.);
#3977 = FACE_BOUND('',#3978,.T.);
#3978 = EDGE_LOOP('',(#3979,#3980,#3986,#3987));
#3979 = ORIENTED_EDGE('',*,*,#595,.T.);
#3980 = ORIENTED_EDGE('',*,*,#3981,.T.);
#3981 = EDGE_CURVE('',#596,#2143,#3982,.T.);
#3982 = LINE('',#3983,#3984);
#3983 = CARTESIAN_POINT('',(39.7,0.455,-4.6E-02));
#3984 = VECTOR('',#3985,1.);
#3985 = DIRECTION('',(0.,0.,1.));
#3986 = ORIENTED_EDGE('',*,*,#2142,.F.);
#3987 = ORIENTED_EDGE('',*,*,#3981,.F.);
#3988 = CYLINDRICAL_SURFACE('',#3989,0.5);
#3989 = AXIS2_PLACEMENT_3D('',#3990,#3991,#3992);
#3990 = CARTESIAN_POINT('',(39.7,0.955,-4.6E-02));
#3991 = DIRECTION('',(-0.,-0.,-1.));
#3992 = DIRECTION('',(-0.,-1.,0.));
#3993 = ADVANCED_FACE('',(#3994),#4005,.F.);
#3994 = FACE_BOUND('',#3995,.T.);
#3995 = EDGE_LOOP('',(#3996,#3997,#4003,#4004));
#3996 = ORIENTED_EDGE('',*,*,#606,.T.);
#3997 = ORIENTED_EDGE('',*,*,#3998,.T.);
#3998 = EDGE_CURVE('',#607,#2154,#3999,.T.);
#3999 = LINE('',#4000,#4001);
#4000 = CARTESIAN_POINT('',(35.8816,2.0334,-4.6E-02));
#4001 = VECTOR('',#4002,1.);
#4002 = DIRECTION('',(0.,0.,1.));
#4003 = ORIENTED_EDGE('',*,*,#2153,.F.);
#4004 = ORIENTED_EDGE('',*,*,#3998,.F.);
#4005 = CYLINDRICAL_SURFACE('',#4006,0.5);
#4006 = AXIS2_PLACEMENT_3D('',#4007,#4008,#4009);
#4007 = CARTESIAN_POINT('',(35.8816,2.5334,-4.6E-02));
#4008 = DIRECTION('',(-0.,-0.,-1.));
#4009 = DIRECTION('',(-0.,-1.,0.));
#4010 = ADVANCED_FACE('',(#4011),#4022,.F.);
#4011 = FACE_BOUND('',#4012,.T.);
#4012 = EDGE_LOOP('',(#4013,#4014,#4020,#4021));
#4013 = ORIENTED_EDGE('',*,*,#617,.T.);
#4014 = ORIENTED_EDGE('',*,*,#4015,.T.);
#4015 = EDGE_CURVE('',#618,#2165,#4016,.T.);
#4016 = LINE('',#4017,#4018);
#4017 = CARTESIAN_POINT('',(39.7,2.995,-4.6E-02));
#4018 = VECTOR('',#4019,1.);
#4019 = DIRECTION('',(0.,0.,1.));
#4020 = ORIENTED_EDGE('',*,*,#2164,.F.);
#4021 = ORIENTED_EDGE('',*,*,#4015,.F.);
#4022 = CYLINDRICAL_SURFACE('',#4023,0.5);
#4023 = AXIS2_PLACEMENT_3D('',#4024,#4025,#4026);
#4024 = CARTESIAN_POINT('',(39.7,3.495,-4.6E-02));
#4025 = DIRECTION('',(-0.,-0.,-1.));
#4026 = DIRECTION('',(-0.,-1.,0.));
#4027 = ADVANCED_FACE('',(#4028),#4039,.F.);
#4028 = FACE_BOUND('',#4029,.T.);
#4029 = EDGE_LOOP('',(#4030,#4031,#4037,#4038));
#4030 = ORIENTED_EDGE('',*,*,#628,.T.);
#4031 = ORIENTED_EDGE('',*,*,#4032,.T.);
#4032 = EDGE_CURVE('',#629,#2176,#4033,.T.);
#4033 = LINE('',#4034,#4035);
#4034 = CARTESIAN_POINT('',(39.7,5.535,-4.6E-02));
#4035 = VECTOR('',#4036,1.);
#4036 = DIRECTION('',(0.,0.,1.));
#4037 = ORIENTED_EDGE('',*,*,#2175,.F.);
#4038 = ORIENTED_EDGE('',*,*,#4032,.F.);
#4039 = CYLINDRICAL_SURFACE('',#4040,0.5);
#4040 = AXIS2_PLACEMENT_3D('',#4041,#4042,#4043);
#4041 = CARTESIAN_POINT('',(39.7,6.035,-4.6E-02));
#4042 = DIRECTION('',(-0.,-0.,-1.));
#4043 = DIRECTION('',(-0.,-1.,0.));
#4044 = ADVANCED_FACE('',(#4045),#4056,.F.);
#4045 = FACE_BOUND('',#4046,.T.);
#4046 = EDGE_LOOP('',(#4047,#4053,#4054,#4055));
#4047 = ORIENTED_EDGE('',*,*,#4048,.T.);
#4048 = EDGE_CURVE('',#640,#2187,#4049,.T.);
#4049 = LINE('',#4050,#4051);
#4050 = CARTESIAN_POINT('',(45.5,-9.7,0.));
#4051 = VECTOR('',#4052,1.);
#4052 = DIRECTION('',(0.,0.,1.));
#4053 = ORIENTED_EDGE('',*,*,#2186,.T.);
#4054 = ORIENTED_EDGE('',*,*,#4048,.F.);
#4055 = ORIENTED_EDGE('',*,*,#639,.F.);
#4056 = CYLINDRICAL_SURFACE('',#4057,1.5);
#4057 = AXIS2_PLACEMENT_3D('',#4058,#4059,#4060);
#4058 = CARTESIAN_POINT('',(44.,-9.7,0.));
#4059 = DIRECTION('',(-0.,-0.,-1.));
#4060 = DIRECTION('',(1.,0.,-0.));
#4061 = ADVANCED_FACE('',(#4062),#4073,.F.);
#4062 = FACE_BOUND('',#4063,.T.);
#4063 = EDGE_LOOP('',(#4064,#4065,#4071,#4072));
#4064 = ORIENTED_EDGE('',*,*,#650,.T.);
#4065 = ORIENTED_EDGE('',*,*,#4066,.T.);
#4066 = EDGE_CURVE('',#651,#2198,#4067,.T.);
#4067 = LINE('',#4068,#4069);
#4068 = CARTESIAN_POINT('',(45.,-2.75,-4.6E-02));
#4069 = VECTOR('',#4070,1.);
#4070 = DIRECTION('',(0.,0.,1.));
#4071 = ORIENTED_EDGE('',*,*,#2197,.F.);
#4072 = ORIENTED_EDGE('',*,*,#4066,.F.);
#4073 = CYLINDRICAL_SURFACE('',#4074,0.5);
#4074 = AXIS2_PLACEMENT_3D('',#4075,#4076,#4077);
#4075 = CARTESIAN_POINT('',(45.,-2.25,-4.6E-02));
#4076 = DIRECTION('',(-0.,-0.,-1.));
#4077 = DIRECTION('',(-0.,-1.,0.));
#4078 = ADVANCED_FACE('',(#4079),#4090,.F.);
#4079 = FACE_BOUND('',#4080,.T.);
#4080 = EDGE_LOOP('',(#4081,#4082,#4088,#4089));
#4081 = ORIENTED_EDGE('',*,*,#661,.T.);
#4082 = ORIENTED_EDGE('',*,*,#4083,.T.);
#4083 = EDGE_CURVE('',#662,#2209,#4084,.T.);
#4084 = LINE('',#4085,#4086);
#4085 = CARTESIAN_POINT('',(45.,-0.21,-4.6E-02));
#4086 = VECTOR('',#4087,1.);
#4087 = DIRECTION('',(0.,0.,1.));
#4088 = ORIENTED_EDGE('',*,*,#2208,.F.);
#4089 = ORIENTED_EDGE('',*,*,#4083,.F.);
#4090 = CYLINDRICAL_SURFACE('',#4091,0.5);
#4091 = AXIS2_PLACEMENT_3D('',#4092,#4093,#4094);
#4092 = CARTESIAN_POINT('',(45.,0.29,-4.6E-02));
#4093 = DIRECTION('',(-0.,-0.,-1.));
#4094 = DIRECTION('',(-0.,-1.,0.));
#4095 = ADVANCED_FACE('',(#4096),#4107,.F.);
#4096 = FACE_BOUND('',#4097,.T.);
#4097 = EDGE_LOOP('',(#4098,#4104,#4105,#4106));
#4098 = ORIENTED_EDGE('',*,*,#4099,.T.);
#4099 = EDGE_CURVE('',#673,#2220,#4100,.T.);
#4100 = LINE('',#4101,#4102);
#4101 = CARTESIAN_POINT('',(3.,30.5,0.));
#4102 = VECTOR('',#4103,1.);
#4103 = DIRECTION('',(0.,0.,1.));
#4104 = ORIENTED_EDGE('',*,*,#2219,.T.);
#4105 = ORIENTED_EDGE('',*,*,#4099,.F.);
#4106 = ORIENTED_EDGE('',*,*,#672,.F.);
#4107 = CYLINDRICAL_SURFACE('',#4108,1.5);
#4108 = AXIS2_PLACEMENT_3D('',#4109,#4110,#4111);
#4109 = CARTESIAN_POINT('',(1.5,30.5,0.));
#4110 = DIRECTION('',(-0.,-0.,-1.));
#4111 = DIRECTION('',(1.,0.,-0.));
#4112 = ADVANCED_FACE('',(#4113),#4124,.F.);
#4113 = FACE_BOUND('',#4114,.T.);
#4114 = EDGE_LOOP('',(#4115,#4116,#4122,#4123));
#4115 = ORIENTED_EDGE('',*,*,#683,.T.);
#4116 = ORIENTED_EDGE('',*,*,#4117,.T.);
#4117 = EDGE_CURVE('',#684,#2231,#4118,.T.);
#4118 = LINE('',#4119,#4120);
#4119 = CARTESIAN_POINT('',(14.3,8.075,-4.6E-02));
#4120 = VECTOR('',#4121,1.);
#4121 = DIRECTION('',(0.,0.,1.));
#4122 = ORIENTED_EDGE('',*,*,#2230,.F.);
#4123 = ORIENTED_EDGE('',*,*,#4117,.F.);
#4124 = CYLINDRICAL_SURFACE('',#4125,0.5);
#4125 = AXIS2_PLACEMENT_3D('',#4126,#4127,#4128);
#4126 = CARTESIAN_POINT('',(14.3,8.575,-4.6E-02));
#4127 = DIRECTION('',(-0.,-0.,-1.));
#4128 = DIRECTION('',(-0.,-1.,0.));
#4129 = ADVANCED_FACE('',(#4130),#4141,.F.);
#4130 = FACE_BOUND('',#4131,.T.);
#4131 = EDGE_LOOP('',(#4132,#4133,#4139,#4140));
#4132 = ORIENTED_EDGE('',*,*,#694,.T.);
#4133 = ORIENTED_EDGE('',*,*,#4134,.T.);
#4134 = EDGE_CURVE('',#695,#2242,#4135,.T.);
#4135 = LINE('',#4136,#4137);
#4136 = CARTESIAN_POINT('',(14.3,10.615,-4.6E-02));
#4137 = VECTOR('',#4138,1.);
#4138 = DIRECTION('',(0.,0.,1.));
#4139 = ORIENTED_EDGE('',*,*,#2241,.F.);
#4140 = ORIENTED_EDGE('',*,*,#4134,.F.);
#4141 = CYLINDRICAL_SURFACE('',#4142,0.5);
#4142 = AXIS2_PLACEMENT_3D('',#4143,#4144,#4145);
#4143 = CARTESIAN_POINT('',(14.3,11.115,-4.6E-02));
#4144 = DIRECTION('',(-0.,-0.,-1.));
#4145 = DIRECTION('',(-0.,-1.,0.));
#4146 = ADVANCED_FACE('',(#4147),#4158,.F.);
#4147 = FACE_BOUND('',#4148,.T.);
#4148 = EDGE_LOOP('',(#4149,#4150,#4156,#4157));
#4149 = ORIENTED_EDGE('',*,*,#705,.T.);
#4150 = ORIENTED_EDGE('',*,*,#4151,.T.);
#4151 = EDGE_CURVE('',#706,#2253,#4152,.T.);
#4152 = LINE('',#4153,#4154);
#4153 = CARTESIAN_POINT('',(14.3,13.155,-4.6E-02));
#4154 = VECTOR('',#4155,1.);
#4155 = DIRECTION('',(0.,0.,1.));
#4156 = ORIENTED_EDGE('',*,*,#2252,.F.);
#4157 = ORIENTED_EDGE('',*,*,#4151,.F.);
#4158 = CYLINDRICAL_SURFACE('',#4159,0.5);
#4159 = AXIS2_PLACEMENT_3D('',#4160,#4161,#4162);
#4160 = CARTESIAN_POINT('',(14.3,13.655,-4.6E-02));
#4161 = DIRECTION('',(-0.,-0.,-1.));
#4162 = DIRECTION('',(-0.,-1.,0.));
#4163 = ADVANCED_FACE('',(#4164),#4175,.F.);
#4164 = FACE_BOUND('',#4165,.T.);
#4165 = EDGE_LOOP('',(#4166,#4167,#4173,#4174));
#4166 = ORIENTED_EDGE('',*,*,#716,.T.);
#4167 = ORIENTED_EDGE('',*,*,#4168,.T.);
#4168 = EDGE_CURVE('',#717,#2264,#4169,.T.);
#4169 = LINE('',#4170,#4171);
#4170 = CARTESIAN_POINT('',(14.3,15.695,-4.6E-02));
#4171 = VECTOR('',#4172,1.);
#4172 = DIRECTION('',(0.,0.,1.));
#4173 = ORIENTED_EDGE('',*,*,#2263,.F.);
#4174 = ORIENTED_EDGE('',*,*,#4168,.F.);
#4175 = CYLINDRICAL_SURFACE('',#4176,0.5);
#4176 = AXIS2_PLACEMENT_3D('',#4177,#4178,#4179);
#4177 = CARTESIAN_POINT('',(14.3,16.195,-4.6E-02));
#4178 = DIRECTION('',(-0.,-0.,-1.));
#4179 = DIRECTION('',(-0.,-1.,0.));
#4180 = ADVANCED_FACE('',(#4181),#4192,.F.);
#4181 = FACE_BOUND('',#4182,.T.);
#4182 = EDGE_LOOP('',(#4183,#4184,#4190,#4191));
#4183 = ORIENTED_EDGE('',*,*,#727,.T.);
#4184 = ORIENTED_EDGE('',*,*,#4185,.T.);
#4185 = EDGE_CURVE('',#728,#2275,#4186,.T.);
#4186 = LINE('',#4187,#4188);
#4187 = CARTESIAN_POINT('',(14.3,18.235,-4.6E-02));
#4188 = VECTOR('',#4189,1.);
#4189 = DIRECTION('',(0.,0.,1.));
#4190 = ORIENTED_EDGE('',*,*,#2274,.F.);
#4191 = ORIENTED_EDGE('',*,*,#4185,.F.);
#4192 = CYLINDRICAL_SURFACE('',#4193,0.5);
#4193 = AXIS2_PLACEMENT_3D('',#4194,#4195,#4196);
#4194 = CARTESIAN_POINT('',(14.3,18.735,-4.6E-02));
#4195 = DIRECTION('',(-0.,-0.,-1.));
#4196 = DIRECTION('',(-0.,-1.,0.));
#4197 = ADVANCED_FACE('',(#4198),#4209,.F.);
#4198 = FACE_BOUND('',#4199,.T.);
#4199 = EDGE_LOOP('',(#4200,#4201,#4207,#4208));
#4200 = ORIENTED_EDGE('',*,*,#738,.T.);
#4201 = ORIENTED_EDGE('',*,*,#4202,.T.);
#4202 = EDGE_CURVE('',#739,#2286,#4203,.T.);
#4203 = LINE('',#4204,#4205);
#4204 = CARTESIAN_POINT('',(19.38,12.48,-4.6E-02));
#4205 = VECTOR('',#4206,1.);
#4206 = DIRECTION('',(0.,0.,1.));
#4207 = ORIENTED_EDGE('',*,*,#2285,.F.);
#4208 = ORIENTED_EDGE('',*,*,#4202,.F.);
#4209 = CYLINDRICAL_SURFACE('',#4210,1.6);
#4210 = AXIS2_PLACEMENT_3D('',#4211,#4212,#4213);
#4211 = CARTESIAN_POINT('',(19.38,14.08,-4.6E-02));
#4212 = DIRECTION('',(-0.,-0.,-1.));
#4213 = DIRECTION('',(-2.22044604925E-15,-1.,0.));
#4214 = ADVANCED_FACE('',(#4215),#4226,.F.);
#4215 = FACE_BOUND('',#4216,.T.);
#4216 = EDGE_LOOP('',(#4217,#4218,#4224,#4225));
#4217 = ORIENTED_EDGE('',*,*,#749,.T.);
#4218 = ORIENTED_EDGE('',*,*,#4219,.T.);
#4219 = EDGE_CURVE('',#750,#2297,#4220,.T.);
#4220 = LINE('',#4221,#4222);
#4221 = CARTESIAN_POINT('',(14.3,20.775,-4.6E-02));
#4222 = VECTOR('',#4223,1.);
#4223 = DIRECTION('',(0.,0.,1.));
#4224 = ORIENTED_EDGE('',*,*,#2296,.F.);
#4225 = ORIENTED_EDGE('',*,*,#4219,.F.);
#4226 = CYLINDRICAL_SURFACE('',#4227,0.5);
#4227 = AXIS2_PLACEMENT_3D('',#4228,#4229,#4230);
#4228 = CARTESIAN_POINT('',(14.3,21.275,-4.6E-02));
#4229 = DIRECTION('',(-0.,-0.,-1.));
#4230 = DIRECTION('',(-0.,-1.,0.));
#4231 = ADVANCED_FACE('',(#4232),#4243,.F.);
#4232 = FACE_BOUND('',#4233,.T.);
#4233 = EDGE_LOOP('',(#4234,#4235,#4241,#4242));
#4234 = ORIENTED_EDGE('',*,*,#760,.T.);
#4235 = ORIENTED_EDGE('',*,*,#4236,.T.);
#4236 = EDGE_CURVE('',#761,#2308,#4237,.T.);
#4237 = LINE('',#4238,#4239);
#4238 = CARTESIAN_POINT('',(14.3,23.315,-4.6E-02));
#4239 = VECTOR('',#4240,1.);
#4240 = DIRECTION('',(0.,0.,1.));
#4241 = ORIENTED_EDGE('',*,*,#2307,.F.);
#4242 = ORIENTED_EDGE('',*,*,#4236,.F.);
#4243 = CYLINDRICAL_SURFACE('',#4244,0.5);
#4244 = AXIS2_PLACEMENT_3D('',#4245,#4246,#4247);
#4245 = CARTESIAN_POINT('',(14.3,23.815,-4.6E-02));
#4246 = DIRECTION('',(-0.,-0.,-1.));
#4247 = DIRECTION('',(-0.,-1.,0.));
#4248 = ADVANCED_FACE('',(#4249),#4260,.F.);
#4249 = FACE_BOUND('',#4250,.T.);
#4250 = EDGE_LOOP('',(#4251,#4252,#4258,#4259));
#4251 = ORIENTED_EDGE('',*,*,#771,.T.);
#4252 = ORIENTED_EDGE('',*,*,#4253,.T.);
#4253 = EDGE_CURVE('',#772,#2319,#4254,.T.);
#4254 = LINE('',#4255,#4256);
#4255 = CARTESIAN_POINT('',(18.11,19.38,-4.6E-02));
#4256 = VECTOR('',#4257,1.);
#4257 = DIRECTION('',(0.,0.,1.));
#4258 = ORIENTED_EDGE('',*,*,#2318,.F.);
#4259 = ORIENTED_EDGE('',*,*,#4253,.F.);
#4260 = CYLINDRICAL_SURFACE('',#4261,0.5);
#4261 = AXIS2_PLACEMENT_3D('',#4262,#4263,#4264);
#4262 = CARTESIAN_POINT('',(18.11,19.88,-4.6E-02));
#4263 = DIRECTION('',(-0.,-0.,-1.));
#4264 = DIRECTION('',(-0.,-1.,0.));
#4265 = ADVANCED_FACE('',(#4266),#4277,.F.);
#4266 = FACE_BOUND('',#4267,.T.);
#4267 = EDGE_LOOP('',(#4268,#4269,#4275,#4276));
#4268 = ORIENTED_EDGE('',*,*,#782,.T.);
#4269 = ORIENTED_EDGE('',*,*,#4270,.T.);
#4270 = EDGE_CURVE('',#783,#2330,#4271,.T.);
#4271 = LINE('',#4272,#4273);
#4272 = CARTESIAN_POINT('',(14.3,25.855,-4.6E-02));
#4273 = VECTOR('',#4274,1.);
#4274 = DIRECTION('',(0.,0.,1.));
#4275 = ORIENTED_EDGE('',*,*,#2329,.F.);
#4276 = ORIENTED_EDGE('',*,*,#4270,.F.);
#4277 = CYLINDRICAL_SURFACE('',#4278,0.5);
#4278 = AXIS2_PLACEMENT_3D('',#4279,#4280,#4281);
#4279 = CARTESIAN_POINT('',(14.3,26.355,-4.6E-02));
#4280 = DIRECTION('',(-0.,-0.,-1.));
#4281 = DIRECTION('',(-0.,-1.,0.));
#4282 = ADVANCED_FACE('',(#4283),#4294,.F.);
#4283 = FACE_BOUND('',#4284,.T.);
#4284 = EDGE_LOOP('',(#4285,#4286,#4292,#4293));
#4285 = ORIENTED_EDGE('',*,*,#793,.T.);
#4286 = ORIENTED_EDGE('',*,*,#4287,.T.);
#4287 = EDGE_CURVE('',#794,#2341,#4288,.T.);
#4288 = LINE('',#4289,#4290);
#4289 = CARTESIAN_POINT('',(14.3,28.395,-4.6E-02));
#4290 = VECTOR('',#4291,1.);
#4291 = DIRECTION('',(0.,0.,1.));
#4292 = ORIENTED_EDGE('',*,*,#2340,.F.);
#4293 = ORIENTED_EDGE('',*,*,#4287,.F.);
#4294 = CYLINDRICAL_SURFACE('',#4295,0.5);
#4295 = AXIS2_PLACEMENT_3D('',#4296,#4297,#4298);
#4296 = CARTESIAN_POINT('',(14.3,28.895,-4.6E-02));
#4297 = DIRECTION('',(-0.,-0.,-1.));
#4298 = DIRECTION('',(-0.,-1.,0.));
#4299 = ADVANCED_FACE('',(#4300),#4311,.F.);
#4300 = FACE_BOUND('',#4301,.T.);
#4301 = EDGE_LOOP('',(#4302,#4303,#4309,#4310));
#4302 = ORIENTED_EDGE('',*,*,#804,.T.);
#4303 = ORIENTED_EDGE('',*,*,#4304,.T.);
#4304 = EDGE_CURVE('',#805,#2352,#4305,.T.);
#4305 = LINE('',#4306,#4307);
#4306 = CARTESIAN_POINT('',(20.65,19.38,-4.6E-02));
#4307 = VECTOR('',#4308,1.);
#4308 = DIRECTION('',(0.,0.,1.));
#4309 = ORIENTED_EDGE('',*,*,#2351,.F.);
#4310 = ORIENTED_EDGE('',*,*,#4304,.F.);
#4311 = CYLINDRICAL_SURFACE('',#4312,0.5);
#4312 = AXIS2_PLACEMENT_3D('',#4313,#4314,#4315);
#4313 = CARTESIAN_POINT('',(20.65,19.88,-4.6E-02));
#4314 = DIRECTION('',(-0.,-0.,-1.));
#4315 = DIRECTION('',(-0.,-1.,0.));
#4316 = ADVANCED_FACE('',(#4317),#4328,.F.);
#4317 = FACE_BOUND('',#4318,.T.);
#4318 = EDGE_LOOP('',(#4319,#4320,#4326,#4327));
#4319 = ORIENTED_EDGE('',*,*,#815,.T.);
#4320 = ORIENTED_EDGE('',*,*,#4321,.T.);
#4321 = EDGE_CURVE('',#816,#2363,#4322,.T.);
#4322 = LINE('',#4323,#4324);
#4323 = CARTESIAN_POINT('',(23.19,19.38,-4.6E-02));
#4324 = VECTOR('',#4325,1.);
#4325 = DIRECTION('',(0.,0.,1.));
#4326 = ORIENTED_EDGE('',*,*,#2362,.F.);
#4327 = ORIENTED_EDGE('',*,*,#4321,.F.);
#4328 = CYLINDRICAL_SURFACE('',#4329,0.5);
#4329 = AXIS2_PLACEMENT_3D('',#4330,#4331,#4332);
#4330 = CARTESIAN_POINT('',(23.19,19.88,-4.6E-02));
#4331 = DIRECTION('',(-0.,-0.,-1.));
#4332 = DIRECTION('',(-0.,-1.,0.));
#4333 = ADVANCED_FACE('',(#4334),#4345,.F.);
#4334 = FACE_BOUND('',#4335,.T.);
#4335 = EDGE_LOOP('',(#4336,#4337,#4343,#4344));
#4336 = ORIENTED_EDGE('',*,*,#826,.T.);
#4337 = ORIENTED_EDGE('',*,*,#4338,.T.);
#4338 = EDGE_CURVE('',#827,#2374,#4339,.T.);
#4339 = LINE('',#4340,#4341);
#4340 = CARTESIAN_POINT('',(25.73,19.38,-4.6E-02));
#4341 = VECTOR('',#4342,1.);
#4342 = DIRECTION('',(0.,0.,1.));
#4343 = ORIENTED_EDGE('',*,*,#2373,.F.);
#4344 = ORIENTED_EDGE('',*,*,#4338,.F.);
#4345 = CYLINDRICAL_SURFACE('',#4346,0.5);
#4346 = AXIS2_PLACEMENT_3D('',#4347,#4348,#4349);
#4347 = CARTESIAN_POINT('',(25.73,19.88,-4.6E-02));
#4348 = DIRECTION('',(-0.,-0.,-1.));
#4349 = DIRECTION('',(-0.,-1.,0.));
#4350 = ADVANCED_FACE('',(#4351),#4362,.F.);
#4351 = FACE_BOUND('',#4352,.T.);
#4352 = EDGE_LOOP('',(#4353,#4354,#4360,#4361));
#4353 = ORIENTED_EDGE('',*,*,#837,.T.);
#4354 = ORIENTED_EDGE('',*,*,#4355,.T.);
#4355 = EDGE_CURVE('',#838,#2385,#4356,.T.);
#4356 = LINE('',#4357,#4358);
#4357 = CARTESIAN_POINT('',(-5.,35.6,-4.6E-02));
#4358 = VECTOR('',#4359,1.);
#4359 = DIRECTION('',(0.,0.,1.));
#4360 = ORIENTED_EDGE('',*,*,#2384,.F.);
#4361 = ORIENTED_EDGE('',*,*,#4355,.F.);
#4362 = CYLINDRICAL_SURFACE('',#4363,0.4);
#4363 = AXIS2_PLACEMENT_3D('',#4364,#4365,#4366);
#4364 = CARTESIAN_POINT('',(-5.,36.,-4.6E-02));
#4365 = DIRECTION('',(-0.,-0.,-1.));
#4366 = DIRECTION('',(-0.,-1.,0.));
#4367 = ADVANCED_FACE('',(#4368),#4379,.F.);
#4368 = FACE_BOUND('',#4369,.T.);
#4369 = EDGE_LOOP('',(#4370,#4371,#4377,#4378));
#4370 = ORIENTED_EDGE('',*,*,#848,.T.);
#4371 = ORIENTED_EDGE('',*,*,#4372,.T.);
#4372 = EDGE_CURVE('',#849,#2396,#4373,.T.);
#4373 = LINE('',#4374,#4375);
#4374 = CARTESIAN_POINT('',(-3.,35.6,-4.6E-02));
#4375 = VECTOR('',#4376,1.);
#4376 = DIRECTION('',(0.,0.,1.));
#4377 = ORIENTED_EDGE('',*,*,#2395,.F.);
#4378 = ORIENTED_EDGE('',*,*,#4372,.F.);
#4379 = CYLINDRICAL_SURFACE('',#4380,0.4);
#4380 = AXIS2_PLACEMENT_3D('',#4381,#4382,#4383);
#4381 = CARTESIAN_POINT('',(-3.,36.,-4.6E-02));
#4382 = DIRECTION('',(-0.,-0.,-1.));
#4383 = DIRECTION('',(-0.,-1.,0.));
#4384 = ADVANCED_FACE('',(#4385),#4396,.F.);
#4385 = FACE_BOUND('',#4386,.T.);
#4386 = EDGE_LOOP('',(#4387,#4388,#4394,#4395));
#4387 = ORIENTED_EDGE('',*,*,#859,.T.);
#4388 = ORIENTED_EDGE('',*,*,#4389,.T.);
#4389 = EDGE_CURVE('',#860,#2407,#4390,.T.);
#4390 = LINE('',#4391,#4392);
#4391 = CARTESIAN_POINT('',(-1.,35.6,-4.6E-02));
#4392 = VECTOR('',#4393,1.);
#4393 = DIRECTION('',(0.,0.,1.));
#4394 = ORIENTED_EDGE('',*,*,#2406,.F.);
#4395 = ORIENTED_EDGE('',*,*,#4389,.F.);
#4396 = CYLINDRICAL_SURFACE('',#4397,0.4);
#4397 = AXIS2_PLACEMENT_3D('',#4398,#4399,#4400);
#4398 = CARTESIAN_POINT('',(-1.,36.,-4.6E-02));
#4399 = DIRECTION('',(-0.,-0.,-1.));
#4400 = DIRECTION('',(-0.,-1.,0.));
#4401 = ADVANCED_FACE('',(#4402),#4413,.F.);
#4402 = FACE_BOUND('',#4403,.T.);
#4403 = EDGE_LOOP('',(#4404,#4405,#4411,#4412));
#4404 = ORIENTED_EDGE('',*,*,#870,.T.);
#4405 = ORIENTED_EDGE('',*,*,#4406,.T.);
#4406 = EDGE_CURVE('',#871,#2418,#4407,.T.);
#4407 = LINE('',#4408,#4409);
#4408 = CARTESIAN_POINT('',(1.,35.6,-4.6E-02));
#4409 = VECTOR('',#4410,1.);
#4410 = DIRECTION('',(0.,0.,1.));
#4411 = ORIENTED_EDGE('',*,*,#2417,.F.);
#4412 = ORIENTED_EDGE('',*,*,#4406,.F.);
#4413 = CYLINDRICAL_SURFACE('',#4414,0.4);
#4414 = AXIS2_PLACEMENT_3D('',#4415,#4416,#4417);
#4415 = CARTESIAN_POINT('',(1.,36.,-4.6E-02));
#4416 = DIRECTION('',(-0.,-0.,-1.));
#4417 = DIRECTION('',(-0.,-1.,0.));
#4418 = ADVANCED_FACE('',(#4419),#4430,.F.);
#4419 = FACE_BOUND('',#4420,.T.);
#4420 = EDGE_LOOP('',(#4421,#4422,#4428,#4429));
#4421 = ORIENTED_EDGE('',*,*,#881,.T.);
#4422 = ORIENTED_EDGE('',*,*,#4423,.T.);
#4423 = EDGE_CURVE('',#882,#2429,#4424,.T.);
#4424 = LINE('',#4425,#4426);
#4425 = CARTESIAN_POINT('',(5.737635,34.464653,-4.6E-02));
#4426 = VECTOR('',#4427,1.);
#4427 = DIRECTION('',(0.,0.,1.));
#4428 = ORIENTED_EDGE('',*,*,#2428,.F.);
#4429 = ORIENTED_EDGE('',*,*,#4423,.F.);
#4430 = CYLINDRICAL_SURFACE('',#4431,0.45);
#4431 = AXIS2_PLACEMENT_3D('',#4432,#4433,#4434);
#4432 = CARTESIAN_POINT('',(5.737635,34.914653,-4.6E-02));
#4433 = DIRECTION('',(-0.,-0.,-1.));
#4434 = DIRECTION('',(-0.,-1.,0.));
#4435 = ADVANCED_FACE('',(#4436),#4447,.F.);
#4436 = FACE_BOUND('',#4437,.T.);
#4437 = EDGE_LOOP('',(#4438,#4439,#4445,#4446));
#4438 = ORIENTED_EDGE('',*,*,#892,.T.);
#4439 = ORIENTED_EDGE('',*,*,#4440,.T.);
#4440 = EDGE_CURVE('',#893,#2440,#4441,.T.);
#4441 = LINE('',#4442,#4443);
#4442 = CARTESIAN_POINT('',(5.543712,36.681185,-4.6E-02));
#4443 = VECTOR('',#4444,1.);
#4444 = DIRECTION('',(0.,0.,1.));
#4445 = ORIENTED_EDGE('',*,*,#2439,.F.);
#4446 = ORIENTED_EDGE('',*,*,#4440,.F.);
#4447 = CYLINDRICAL_SURFACE('',#4448,0.45);
#4448 = AXIS2_PLACEMENT_3D('',#4449,#4450,#4451);
#4449 = CARTESIAN_POINT('',(5.543712,37.131185,-4.6E-02));
#4450 = DIRECTION('',(-0.,-0.,-1.));
#4451 = DIRECTION('',(-0.,-1.,0.));
#4452 = ADVANCED_FACE('',(#4453),#4464,.F.);
#4453 = FACE_BOUND('',#4454,.T.);
#4454 = EDGE_LOOP('',(#4455,#4456,#4462,#4463));
#4455 = ORIENTED_EDGE('',*,*,#903,.T.);
#4456 = ORIENTED_EDGE('',*,*,#4457,.T.);
#4457 = EDGE_CURVE('',#904,#2451,#4458,.T.);
#4458 = LINE('',#4459,#4460);
#4459 = CARTESIAN_POINT('',(8.267968,34.686028,-4.6E-02));
#4460 = VECTOR('',#4461,1.);
#4461 = DIRECTION('',(0.,0.,1.));
#4462 = ORIENTED_EDGE('',*,*,#2450,.F.);
#4463 = ORIENTED_EDGE('',*,*,#4457,.F.);
#4464 = CYLINDRICAL_SURFACE('',#4465,0.45);
#4465 = AXIS2_PLACEMENT_3D('',#4466,#4467,#4468);
#4466 = CARTESIAN_POINT('',(8.267968,35.136028,-4.6E-02));
#4467 = DIRECTION('',(-0.,-0.,-1.));
#4468 = DIRECTION('',(-0.,-1.,0.));
#4469 = ADVANCED_FACE('',(#4470),#4481,.F.);
#4470 = FACE_BOUND('',#4471,.T.);
#4471 = EDGE_LOOP('',(#4472,#4473,#4479,#4480));
#4472 = ORIENTED_EDGE('',*,*,#914,.T.);
#4473 = ORIENTED_EDGE('',*,*,#4474,.T.);
#4474 = EDGE_CURVE('',#915,#2462,#4475,.T.);
#4475 = LINE('',#4476,#4477);
#4476 = CARTESIAN_POINT('',(4.873829,41.541678,-4.6E-02));
#4477 = VECTOR('',#4478,1.);
#4478 = DIRECTION('',(0.,0.,1.));
#4479 = ORIENTED_EDGE('',*,*,#2461,.F.);
#4480 = ORIENTED_EDGE('',*,*,#4474,.F.);
#4481 = CYLINDRICAL_SURFACE('',#4482,0.55);
#4482 = AXIS2_PLACEMENT_3D('',#4483,#4484,#4485);
#4483 = CARTESIAN_POINT('',(4.873829,42.091678,-4.6E-02));
#4484 = DIRECTION('',(-0.,-0.,-1.));
#4485 = DIRECTION('',(-0.,-1.,0.));
#4486 = ADVANCED_FACE('',(#4487),#4498,.F.);
#4487 = FACE_BOUND('',#4488,.T.);
#4488 = EDGE_LOOP('',(#4489,#4490,#4496,#4497));
#4489 = ORIENTED_EDGE('',*,*,#925,.T.);
#4490 = ORIENTED_EDGE('',*,*,#4491,.T.);
#4491 = EDGE_CURVE('',#926,#2473,#4492,.T.);
#4492 = LINE('',#4493,#4494);
#4493 = CARTESIAN_POINT('',(8.098952,36.90474,-4.6E-02));
#4494 = VECTOR('',#4495,1.);
#4495 = DIRECTION('',(0.,0.,1.));
#4496 = ORIENTED_EDGE('',*,*,#2472,.F.);
#4497 = ORIENTED_EDGE('',*,*,#4491,.F.);
#4498 = CYLINDRICAL_SURFACE('',#4499,0.45);
#4499 = AXIS2_PLACEMENT_3D('',#4500,#4501,#4502);
#4500 = CARTESIAN_POINT('',(8.098952,37.35474,-4.6E-02));
#4501 = DIRECTION('',(-0.,-0.,-1.));
#4502 = DIRECTION('',(-0.,-1.,0.));
#4503 = ADVANCED_FACE('',(#4504),#4515,.F.);
#4504 = FACE_BOUND('',#4505,.T.);
#4505 = EDGE_LOOP('',(#4506,#4507,#4513,#4514));
#4506 = ORIENTED_EDGE('',*,*,#936,.T.);
#4507 = ORIENTED_EDGE('',*,*,#4508,.T.);
#4508 = EDGE_CURVE('',#937,#2484,#4509,.T.);
#4509 = LINE('',#4510,#4511);
#4510 = CARTESIAN_POINT('',(7.862413,41.853145,-4.6E-02));
#4511 = VECTOR('',#4512,1.);
#4512 = DIRECTION('',(0.,0.,1.));
#4513 = ORIENTED_EDGE('',*,*,#2483,.F.);
#4514 = ORIENTED_EDGE('',*,*,#4508,.F.);
#4515 = CYLINDRICAL_SURFACE('',#4516,0.5);
#4516 = AXIS2_PLACEMENT_3D('',#4517,#4518,#4519);
#4517 = CARTESIAN_POINT('',(7.862413,42.353145,-4.6E-02));
#4518 = DIRECTION('',(-0.,-0.,-1.));
#4519 = DIRECTION('',(-0.,-1.,0.));
#4520 = ADVANCED_FACE('',(#4521),#4532,.F.);
#4521 = FACE_BOUND('',#4522,.T.);
#4522 = EDGE_LOOP('',(#4523,#4524,#4530,#4531));
#4523 = ORIENTED_EDGE('',*,*,#947,.T.);
#4524 = ORIENTED_EDGE('',*,*,#4525,.T.);
#4525 = EDGE_CURVE('',#948,#2495,#4526,.T.);
#4526 = LINE('',#4527,#4528);
#4527 = CARTESIAN_POINT('',(14.3,30.935,-4.6E-02));
#4528 = VECTOR('',#4529,1.);
#4529 = DIRECTION('',(0.,0.,1.));
#4530 = ORIENTED_EDGE('',*,*,#2494,.F.);
#4531 = ORIENTED_EDGE('',*,*,#4525,.F.);
#4532 = CYLINDRICAL_SURFACE('',#4533,0.5);
#4533 = AXIS2_PLACEMENT_3D('',#4534,#4535,#4536);
#4534 = CARTESIAN_POINT('',(14.3,31.435,-4.6E-02));
#4535 = DIRECTION('',(-0.,-0.,-1.));
#4536 = DIRECTION('',(-0.,-1.,0.));
#4537 = ADVANCED_FACE('',(#4538),#4549,.F.);
#4538 = FACE_BOUND('',#4539,.T.);
#4539 = EDGE_LOOP('',(#4540,#4541,#4547,#4548));
#4540 = ORIENTED_EDGE('',*,*,#958,.T.);
#4541 = ORIENTED_EDGE('',*,*,#4542,.T.);
#4542 = EDGE_CURVE('',#959,#2506,#4543,.T.);
#4543 = LINE('',#4544,#4545);
#4544 = CARTESIAN_POINT('',(14.3,33.475,-4.6E-02));
#4545 = VECTOR('',#4546,1.);
#4546 = DIRECTION('',(0.,0.,1.));
#4547 = ORIENTED_EDGE('',*,*,#2505,.F.);
#4548 = ORIENTED_EDGE('',*,*,#4542,.F.);
#4549 = CYLINDRICAL_SURFACE('',#4550,0.5);
#4550 = AXIS2_PLACEMENT_3D('',#4551,#4552,#4553);
#4551 = CARTESIAN_POINT('',(14.3,33.975,-4.6E-02));
#4552 = DIRECTION('',(-0.,-0.,-1.));
#4553 = DIRECTION('',(-0.,-1.,0.));
#4554 = ADVANCED_FACE('',(#4555),#4566,.F.);
#4555 = FACE_BOUND('',#4556,.T.);
#4556 = EDGE_LOOP('',(#4557,#4558,#4564,#4565));
#4557 = ORIENTED_EDGE('',*,*,#969,.T.);
#4558 = ORIENTED_EDGE('',*,*,#4559,.T.);
#4559 = EDGE_CURVE('',#970,#2517,#4560,.T.);
#4560 = LINE('',#4561,#4562);
#4561 = CARTESIAN_POINT('',(14.3,36.015,-4.6E-02));
#4562 = VECTOR('',#4563,1.);
#4563 = DIRECTION('',(0.,0.,1.));
#4564 = ORIENTED_EDGE('',*,*,#2516,.F.);
#4565 = ORIENTED_EDGE('',*,*,#4559,.F.);
#4566 = CYLINDRICAL_SURFACE('',#4567,0.5);
#4567 = AXIS2_PLACEMENT_3D('',#4568,#4569,#4570);
#4568 = CARTESIAN_POINT('',(14.3,36.515,-4.6E-02));
#4569 = DIRECTION('',(-0.,-0.,-1.));
#4570 = DIRECTION('',(-0.,-1.,0.));
#4571 = ADVANCED_FACE('',(#4572),#4583,.F.);
#4572 = FACE_BOUND('',#4573,.T.);
#4573 = EDGE_LOOP('',(#4574,#4575,#4581,#4582));
#4574 = ORIENTED_EDGE('',*,*,#980,.T.);
#4575 = ORIENTED_EDGE('',*,*,#4576,.T.);
#4576 = EDGE_CURVE('',#981,#2528,#4577,.T.);
#4577 = LINE('',#4578,#4579);
#4578 = CARTESIAN_POINT('',(18.11,34.62,-4.6E-02));
#4579 = VECTOR('',#4580,1.);
#4580 = DIRECTION('',(0.,0.,1.));
#4581 = ORIENTED_EDGE('',*,*,#2527,.F.);
#4582 = ORIENTED_EDGE('',*,*,#4576,.F.);
#4583 = CYLINDRICAL_SURFACE('',#4584,0.5);
#4584 = AXIS2_PLACEMENT_3D('',#4585,#4586,#4587);
#4585 = CARTESIAN_POINT('',(18.11,35.12,-4.6E-02));
#4586 = DIRECTION('',(-0.,-0.,-1.));
#4587 = DIRECTION('',(-0.,-1.,0.));
#4588 = ADVANCED_FACE('',(#4589),#4600,.F.);
#4589 = FACE_BOUND('',#4590,.T.);
#4590 = EDGE_LOOP('',(#4591,#4597,#4598,#4599));
#4591 = ORIENTED_EDGE('',*,*,#4592,.T.);
#4592 = EDGE_CURVE('',#992,#2539,#4593,.T.);
#4593 = LINE('',#4594,#4595);
#4594 = CARTESIAN_POINT('',(14.,41.,0.));
#4595 = VECTOR('',#4596,1.);
#4596 = DIRECTION('',(0.,0.,1.));
#4597 = ORIENTED_EDGE('',*,*,#2538,.T.);
#4598 = ORIENTED_EDGE('',*,*,#4592,.F.);
#4599 = ORIENTED_EDGE('',*,*,#991,.F.);
#4600 = CYLINDRICAL_SURFACE('',#4601,1.);
#4601 = AXIS2_PLACEMENT_3D('',#4602,#4603,#4604);
#4602 = CARTESIAN_POINT('',(13.,41.,0.));
#4603 = DIRECTION('',(-0.,-0.,-1.));
#4604 = DIRECTION('',(1.,0.,-0.));
#4605 = ADVANCED_FACE('',(#4606),#4617,.F.);
#4606 = FACE_BOUND('',#4607,.T.);
#4607 = EDGE_LOOP('',(#4608,#4609,#4615,#4616));
#4608 = ORIENTED_EDGE('',*,*,#1002,.T.);
#4609 = ORIENTED_EDGE('',*,*,#4610,.T.);
#4610 = EDGE_CURVE('',#1003,#2550,#4611,.T.);
#4611 = LINE('',#4612,#4613);
#4612 = CARTESIAN_POINT('',(18.167723,38.597023,-4.6E-02));
#4613 = VECTOR('',#4614,1.);
#4614 = DIRECTION('',(0.,0.,1.));
#4615 = ORIENTED_EDGE('',*,*,#2549,.F.);
#4616 = ORIENTED_EDGE('',*,*,#4610,.F.);
#4617 = CYLINDRICAL_SURFACE('',#4618,0.45);
#4618 = AXIS2_PLACEMENT_3D('',#4619,#4620,#4621);
#4619 = CARTESIAN_POINT('',(18.167723,39.047023,-4.6E-02));
#4620 = DIRECTION('',(-0.,-0.,-1.));
#4621 = DIRECTION('',(-7.894919286223E-15,-1.,0.));
#4622 = ADVANCED_FACE('',(#4623),#4634,.F.);
#4623 = FACE_BOUND('',#4624,.T.);
#4624 = EDGE_LOOP('',(#4625,#4626,#4632,#4633));
#4625 = ORIENTED_EDGE('',*,*,#1013,.T.);
#4626 = ORIENTED_EDGE('',*,*,#4627,.T.);
#4627 = EDGE_CURVE('',#1014,#2561,#4628,.T.);
#4628 = LINE('',#4629,#4630);
#4629 = CARTESIAN_POINT('',(16.463274,40.027224,-4.6E-02));
#4630 = VECTOR('',#4631,1.);
#4631 = DIRECTION('',(0.,0.,1.));
#4632 = ORIENTED_EDGE('',*,*,#2560,.F.);
#4633 = ORIENTED_EDGE('',*,*,#4627,.F.);
#4634 = CYLINDRICAL_SURFACE('',#4635,0.45);
#4635 = AXIS2_PLACEMENT_3D('',#4636,#4637,#4638);
#4636 = CARTESIAN_POINT('',(16.463274,40.477224,-4.6E-02));
#4637 = DIRECTION('',(-0.,-0.,-1.));
#4638 = DIRECTION('',(-0.,-1.,0.));
#4639 = ADVANCED_FACE('',(#4640),#4651,.F.);
#4640 = FACE_BOUND('',#4641,.T.);
#4641 = EDGE_LOOP('',(#4642,#4643,#4649,#4650));
#4642 = ORIENTED_EDGE('',*,*,#1024,.T.);
#4643 = ORIENTED_EDGE('',*,*,#4644,.T.);
#4644 = EDGE_CURVE('',#1025,#2572,#4645,.T.);
#4645 = LINE('',#4646,#4647);
#4646 = CARTESIAN_POINT('',(18.112023,41.992129,-4.6E-02));
#4647 = VECTOR('',#4648,1.);
#4648 = DIRECTION('',(0.,0.,1.));
#4649 = ORIENTED_EDGE('',*,*,#2571,.F.);
#4650 = ORIENTED_EDGE('',*,*,#4644,.F.);
#4651 = CYLINDRICAL_SURFACE('',#4652,0.45);
#4652 = AXIS2_PLACEMENT_3D('',#4653,#4654,#4655);
#4653 = CARTESIAN_POINT('',(18.112023,42.442129,-4.6E-02));
#4654 = DIRECTION('',(-0.,-0.,-1.));
#4655 = DIRECTION('',(-0.,-1.,0.));
#4656 = ADVANCED_FACE('',(#4657),#4668,.F.);
#4657 = FACE_BOUND('',#4658,.T.);
#4658 = EDGE_LOOP('',(#4659,#4660,#4666,#4667));
#4659 = ORIENTED_EDGE('',*,*,#1035,.T.);
#4660 = ORIENTED_EDGE('',*,*,#4661,.T.);
#4661 = EDGE_CURVE('',#1036,#2583,#4662,.T.);
#4662 = LINE('',#4663,#4664);
#4663 = CARTESIAN_POINT('',(20.65,34.62,-4.6E-02));
#4664 = VECTOR('',#4665,1.);
#4665 = DIRECTION('',(0.,0.,1.));
#4666 = ORIENTED_EDGE('',*,*,#2582,.F.);
#4667 = ORIENTED_EDGE('',*,*,#4661,.F.);
#4668 = CYLINDRICAL_SURFACE('',#4669,0.5);
#4669 = AXIS2_PLACEMENT_3D('',#4670,#4671,#4672);
#4670 = CARTESIAN_POINT('',(20.65,35.12,-4.6E-02));
#4671 = DIRECTION('',(-0.,-0.,-1.));
#4672 = DIRECTION('',(-0.,-1.,0.));
#4673 = ADVANCED_FACE('',(#4674),#4685,.F.);
#4674 = FACE_BOUND('',#4675,.T.);
#4675 = EDGE_LOOP('',(#4676,#4677,#4683,#4684));
#4676 = ORIENTED_EDGE('',*,*,#1046,.T.);
#4677 = ORIENTED_EDGE('',*,*,#4678,.T.);
#4678 = EDGE_CURVE('',#1047,#2594,#4679,.T.);
#4679 = LINE('',#4680,#4681);
#4680 = CARTESIAN_POINT('',(23.19,34.62,-4.6E-02));
#4681 = VECTOR('',#4682,1.);
#4682 = DIRECTION('',(0.,0.,1.));
#4683 = ORIENTED_EDGE('',*,*,#2593,.F.);
#4684 = ORIENTED_EDGE('',*,*,#4678,.F.);
#4685 = CYLINDRICAL_SURFACE('',#4686,0.5);
#4686 = AXIS2_PLACEMENT_3D('',#4687,#4688,#4689);
#4687 = CARTESIAN_POINT('',(23.19,35.12,-4.6E-02));
#4688 = DIRECTION('',(-0.,-0.,-1.));
#4689 = DIRECTION('',(-0.,-1.,0.));
#4690 = ADVANCED_FACE('',(#4691),#4702,.F.);
#4691 = FACE_BOUND('',#4692,.T.);
#4692 = EDGE_LOOP('',(#4693,#4694,#4700,#4701));
#4693 = ORIENTED_EDGE('',*,*,#1057,.T.);
#4694 = ORIENTED_EDGE('',*,*,#4695,.T.);
#4695 = EDGE_CURVE('',#1058,#2605,#4696,.T.);
#4696 = LINE('',#4697,#4698);
#4697 = CARTESIAN_POINT('',(25.73,34.62,-4.6E-02));
#4698 = VECTOR('',#4699,1.);
#4699 = DIRECTION('',(0.,0.,1.));
#4700 = ORIENTED_EDGE('',*,*,#2604,.F.);
#4701 = ORIENTED_EDGE('',*,*,#4695,.F.);
#4702 = CYLINDRICAL_SURFACE('',#4703,0.5);
#4703 = AXIS2_PLACEMENT_3D('',#4704,#4705,#4706);
#4704 = CARTESIAN_POINT('',(25.73,35.12,-4.6E-02));
#4705 = DIRECTION('',(-0.,-0.,-1.));
#4706 = DIRECTION('',(-0.,-1.,0.));
#4707 = ADVANCED_FACE('',(#4708),#4719,.F.);
#4708 = FACE_BOUND('',#4709,.T.);
#4709 = EDGE_LOOP('',(#4710,#4711,#4717,#4718));
#4710 = ORIENTED_EDGE('',*,*,#1068,.T.);
#4711 = ORIENTED_EDGE('',*,*,#4712,.T.);
#4712 = EDGE_CURVE('',#1069,#2616,#4713,.T.);
#4713 = LINE('',#4714,#4715);
#4714 = CARTESIAN_POINT('',(19.800402,40.542776,-4.6E-02));
#4715 = VECTOR('',#4716,1.);
#4716 = DIRECTION('',(0.,0.,1.));
#4717 = ORIENTED_EDGE('',*,*,#2615,.F.);
#4718 = ORIENTED_EDGE('',*,*,#4712,.F.);
#4719 = CYLINDRICAL_SURFACE('',#4720,0.45);
#4720 = AXIS2_PLACEMENT_3D('',#4721,#4722,#4723);
#4721 = CARTESIAN_POINT('',(19.800402,40.992776,-4.6E-02));
#4722 = DIRECTION('',(-0.,-0.,-1.));
#4723 = DIRECTION('',(-0.,-1.,0.));
#4724 = ADVANCED_FACE('',(#4725),#4736,.F.);
#4725 = FACE_BOUND('',#4726,.T.);
#4726 = EDGE_LOOP('',(#4727,#4728,#4734,#4735));
#4727 = ORIENTED_EDGE('',*,*,#1079,.T.);
#4728 = ORIENTED_EDGE('',*,*,#4729,.T.);
#4729 = EDGE_CURVE('',#1080,#2627,#4730,.T.);
#4730 = LINE('',#4731,#4732);
#4731 = CARTESIAN_POINT('',(12.481996,42.961144,-4.6E-02));
#4732 = VECTOR('',#4733,1.);
#4733 = DIRECTION('',(0.,0.,1.));
#4734 = ORIENTED_EDGE('',*,*,#2626,.F.);
#4735 = ORIENTED_EDGE('',*,*,#4729,.F.);
#4736 = CYLINDRICAL_SURFACE('',#4737,0.55);
#4737 = AXIS2_PLACEMENT_3D('',#4738,#4739,#4740);
#4738 = CARTESIAN_POINT('',(12.481996,43.511144,-4.6E-02));
#4739 = DIRECTION('',(-0.,0.,-1.));
#4740 = DIRECTION('',(3.229739708E-15,-1.,-0.));
#4741 = ADVANCED_FACE('',(#4742),#4753,.F.);
#4742 = FACE_BOUND('',#4743,.T.);
#4743 = EDGE_LOOP('',(#4744,#4745,#4751,#4752));
#4744 = ORIENTED_EDGE('',*,*,#1090,.T.);
#4745 = ORIENTED_EDGE('',*,*,#4746,.T.);
#4746 = EDGE_CURVE('',#1091,#2638,#4747,.T.);
#4747 = LINE('',#4748,#4749);
#4748 = CARTESIAN_POINT('',(14.410359,45.309277,-4.6E-02));
#4749 = VECTOR('',#4750,1.);
#4750 = DIRECTION('',(0.,0.,1.));
#4751 = ORIENTED_EDGE('',*,*,#2637,.F.);
#4752 = ORIENTED_EDGE('',*,*,#4746,.F.);
#4753 = CYLINDRICAL_SURFACE('',#4754,0.5);
#4754 = AXIS2_PLACEMENT_3D('',#4755,#4756,#4757);
#4755 = CARTESIAN_POINT('',(14.410359,45.809277,-4.6E-02));
#4756 = DIRECTION('',(-0.,-0.,-1.));
#4757 = DIRECTION('',(-0.,-1.,0.));
#4758 = ADVANCED_FACE('',(#4759),#4770,.F.);
#4759 = FACE_BOUND('',#4760,.T.);
#4760 = EDGE_LOOP('',(#4761,#4762,#4768,#4769));
#4761 = ORIENTED_EDGE('',*,*,#1101,.T.);
#4762 = ORIENTED_EDGE('',*,*,#4763,.T.);
#4763 = EDGE_CURVE('',#1102,#2649,#4764,.T.);
#4764 = LINE('',#4765,#4766);
#4765 = CARTESIAN_POINT('',(16.646855,50.587587,-4.6E-02));
#4766 = VECTOR('',#4767,1.);
#4767 = DIRECTION('',(0.,0.,1.));
#4768 = ORIENTED_EDGE('',*,*,#2648,.F.);
#4769 = ORIENTED_EDGE('',*,*,#4763,.F.);
#4770 = CYLINDRICAL_SURFACE('',#4771,0.55);
#4771 = AXIS2_PLACEMENT_3D('',#4772,#4773,#4774);
#4772 = CARTESIAN_POINT('',(16.646855,51.137587,-4.6E-02));
#4773 = DIRECTION('',(-0.,-0.,-1.));
#4774 = DIRECTION('',(-6.459479416001E-15,-1.,0.));
#4775 = ADVANCED_FACE('',(#4776),#4787,.F.);
#4776 = FACE_BOUND('',#4777,.T.);
#4777 = EDGE_LOOP('',(#4778,#4779,#4785,#4786));
#4778 = ORIENTED_EDGE('',*,*,#1112,.T.);
#4779 = ORIENTED_EDGE('',*,*,#4780,.T.);
#4780 = EDGE_CURVE('',#1113,#2660,#4781,.T.);
#4781 = LINE('',#4782,#4783);
#4782 = CARTESIAN_POINT('',(16.908322,53.626171,-4.6E-02));
#4783 = VECTOR('',#4784,1.);
#4784 = DIRECTION('',(0.,0.,1.));
#4785 = ORIENTED_EDGE('',*,*,#2659,.F.);
#4786 = ORIENTED_EDGE('',*,*,#4780,.F.);
#4787 = CYLINDRICAL_SURFACE('',#4788,0.5);
#4788 = AXIS2_PLACEMENT_3D('',#4789,#4790,#4791);
#4789 = CARTESIAN_POINT('',(16.908322,54.126171,-4.6E-02));
#4790 = DIRECTION('',(-0.,-0.,-1.));
#4791 = DIRECTION('',(-0.,-1.,0.));
#4792 = ADVANCED_FACE('',(#4793),#4804,.F.);
#4793 = FACE_BOUND('',#4794,.T.);
#4794 = EDGE_LOOP('',(#4795,#4801,#4802,#4803));
#4795 = ORIENTED_EDGE('',*,*,#4796,.T.);
#4796 = EDGE_CURVE('',#1124,#2671,#4797,.T.);
#4797 = LINE('',#4798,#4799);
#4798 = CARTESIAN_POINT('',(23.,47.,0.));
#4799 = VECTOR('',#4800,1.);
#4800 = DIRECTION('',(0.,0.,1.));
#4801 = ORIENTED_EDGE('',*,*,#2670,.T.);
#4802 = ORIENTED_EDGE('',*,*,#4796,.F.);
#4803 = ORIENTED_EDGE('',*,*,#1123,.F.);
#4804 = CYLINDRICAL_SURFACE('',#4805,1.);
#4805 = AXIS2_PLACEMENT_3D('',#4806,#4807,#4808);
#4806 = CARTESIAN_POINT('',(22.,47.,0.));
#4807 = DIRECTION('',(-0.,-0.,-1.));
#4808 = DIRECTION('',(1.,0.,-0.));
#4809 = ADVANCED_FACE('',(#4810),#4821,.F.);
#4810 = FACE_BOUND('',#4811,.T.);
#4811 = EDGE_LOOP('',(#4812,#4813,#4819,#4820));
#4812 = ORIENTED_EDGE('',*,*,#1134,.T.);
#4813 = ORIENTED_EDGE('',*,*,#4814,.T.);
#4814 = EDGE_CURVE('',#1135,#2682,#4815,.T.);
#4815 = LINE('',#4816,#4817);
#4816 = CARTESIAN_POINT('',(21.648311,50.485913,-4.6E-02));
#4817 = VECTOR('',#4818,1.);
#4818 = DIRECTION('',(0.,0.,1.));
#4819 = ORIENTED_EDGE('',*,*,#2681,.F.);
#4820 = ORIENTED_EDGE('',*,*,#4814,.F.);
#4821 = CYLINDRICAL_SURFACE('',#4822,0.45);
#4822 = AXIS2_PLACEMENT_3D('',#4823,#4824,#4825);
#4823 = CARTESIAN_POINT('',(21.648311,50.935913,-4.6E-02));
#4824 = DIRECTION('',(-0.,-0.,-1.));
#4825 = DIRECTION('',(-0.,-1.,0.));
#4826 = ADVANCED_FACE('',(#4827),#4838,.F.);
#4827 = FACE_BOUND('',#4828,.T.);
#4828 = EDGE_LOOP('',(#4829,#4830,#4836,#4837));
#4829 = ORIENTED_EDGE('',*,*,#1145,.T.);
#4830 = ORIENTED_EDGE('',*,*,#4831,.T.);
#4831 = EDGE_CURVE('',#1146,#2693,#4832,.T.);
#4832 = LINE('',#4833,#4834);
#4833 = CARTESIAN_POINT('',(21.871864,53.041153,-4.6E-02));
#4834 = VECTOR('',#4835,1.);
#4835 = DIRECTION('',(0.,0.,1.));
#4836 = ORIENTED_EDGE('',*,*,#2692,.F.);
#4837 = ORIENTED_EDGE('',*,*,#4831,.F.);
#4838 = CYLINDRICAL_SURFACE('',#4839,0.45);
#4839 = AXIS2_PLACEMENT_3D('',#4840,#4841,#4842);
#4840 = CARTESIAN_POINT('',(21.871864,53.491153,-4.6E-02));
#4841 = DIRECTION('',(-0.,-0.,-1.));
#4842 = DIRECTION('',(-7.894919286223E-15,-1.,0.));
#4843 = ADVANCED_FACE('',(#4844),#4855,.F.);
#4844 = FACE_BOUND('',#4845,.T.);
#4845 = EDGE_LOOP('',(#4846,#4847,#4853,#4854));
#4846 = ORIENTED_EDGE('',*,*,#1156,.T.);
#4847 = ORIENTED_EDGE('',*,*,#4848,.T.);
#4848 = EDGE_CURVE('',#1157,#2704,#4849,.T.);
#4849 = LINE('',#4850,#4851);
#4850 = CARTESIAN_POINT('',(23.864843,50.291993,-4.6E-02));
#4851 = VECTOR('',#4852,1.);
#4852 = DIRECTION('',(0.,0.,1.));
#4853 = ORIENTED_EDGE('',*,*,#2703,.F.);
#4854 = ORIENTED_EDGE('',*,*,#4848,.F.);
#4855 = CYLINDRICAL_SURFACE('',#4856,0.45);
#4856 = AXIS2_PLACEMENT_3D('',#4857,#4858,#4859);
#4857 = CARTESIAN_POINT('',(23.864843,50.741993,-4.6E-02));
#4858 = DIRECTION('',(-0.,-0.,-1.));
#4859 = DIRECTION('',(-0.,-1.,0.));
#4860 = ADVANCED_FACE('',(#4861),#4872,.F.);
#4861 = FACE_BOUND('',#4862,.T.);
#4862 = EDGE_LOOP('',(#4863,#4864,#4870,#4871));
#4863 = ORIENTED_EDGE('',*,*,#1167,.T.);
#4864 = ORIENTED_EDGE('',*,*,#4865,.T.);
#4865 = EDGE_CURVE('',#1168,#2715,#4866,.T.);
#4866 = LINE('',#4867,#4868);
#4867 = CARTESIAN_POINT('',(24.086219,52.822326,-4.6E-02));
#4868 = VECTOR('',#4869,1.);
#4869 = DIRECTION('',(0.,0.,1.));
#4870 = ORIENTED_EDGE('',*,*,#2714,.F.);
#4871 = ORIENTED_EDGE('',*,*,#4865,.F.);
#4872 = CYLINDRICAL_SURFACE('',#4873,0.45);
#4873 = AXIS2_PLACEMENT_3D('',#4874,#4875,#4876);
#4874 = CARTESIAN_POINT('',(24.086219,53.272326,-4.6E-02));
#4875 = DIRECTION('',(-0.,-0.,-1.));
#4876 = DIRECTION('',(-0.,-1.,0.));
#4877 = ADVANCED_FACE('',(#4878),#4889,.F.);
#4878 = FACE_BOUND('',#4879,.T.);
#4879 = EDGE_LOOP('',(#4880,#4881,#4887,#4888));
#4880 = ORIENTED_EDGE('',*,*,#1178,.T.);
#4881 = ORIENTED_EDGE('',*,*,#4882,.T.);
#4882 = EDGE_CURVE('',#1179,#2726,#4883,.T.);
#4883 = LINE('',#4884,#4885);
#4884 = CARTESIAN_POINT('',(34.62,12.48,-4.6E-02));
#4885 = VECTOR('',#4886,1.);
#4886 = DIRECTION('',(0.,0.,1.));
#4887 = ORIENTED_EDGE('',*,*,#2725,.F.);
#4888 = ORIENTED_EDGE('',*,*,#4882,.F.);
#4889 = CYLINDRICAL_SURFACE('',#4890,1.6);
#4890 = AXIS2_PLACEMENT_3D('',#4891,#4892,#4893);
#4891 = CARTESIAN_POINT('',(34.62,14.08,-4.6E-02));
#4892 = DIRECTION('',(-0.,-0.,-1.));
#4893 = DIRECTION('',(-4.440892098501E-15,-1.,0.));
#4894 = ADVANCED_FACE('',(#4895),#4906,.F.);
#4895 = FACE_BOUND('',#4896,.T.);
#4896 = EDGE_LOOP('',(#4897,#4898,#4904,#4905));
#4897 = ORIENTED_EDGE('',*,*,#1189,.T.);
#4898 = ORIENTED_EDGE('',*,*,#4899,.T.);
#4899 = EDGE_CURVE('',#1190,#2737,#4900,.T.);
#4900 = LINE('',#4901,#4902);
#4901 = CARTESIAN_POINT('',(39.7,8.075,-4.6E-02));
#4902 = VECTOR('',#4903,1.);
#4903 = DIRECTION('',(0.,0.,1.));
#4904 = ORIENTED_EDGE('',*,*,#2736,.F.);
#4905 = ORIENTED_EDGE('',*,*,#4899,.F.);
#4906 = CYLINDRICAL_SURFACE('',#4907,0.5);
#4907 = AXIS2_PLACEMENT_3D('',#4908,#4909,#4910);
#4908 = CARTESIAN_POINT('',(39.7,8.575,-4.6E-02));
#4909 = DIRECTION('',(-0.,-0.,-1.));
#4910 = DIRECTION('',(-0.,-1.,0.));
#4911 = ADVANCED_FACE('',(#4912),#4923,.F.);
#4912 = FACE_BOUND('',#4913,.T.);
#4913 = EDGE_LOOP('',(#4914,#4915,#4921,#4922));
#4914 = ORIENTED_EDGE('',*,*,#1200,.T.);
#4915 = ORIENTED_EDGE('',*,*,#4916,.T.);
#4916 = EDGE_CURVE('',#1201,#2748,#4917,.T.);
#4917 = LINE('',#4918,#4919);
#4918 = CARTESIAN_POINT('',(39.7,10.615,-4.6E-02));
#4919 = VECTOR('',#4920,1.);
#4920 = DIRECTION('',(0.,0.,1.));
#4921 = ORIENTED_EDGE('',*,*,#2747,.F.);
#4922 = ORIENTED_EDGE('',*,*,#4916,.F.);
#4923 = CYLINDRICAL_SURFACE('',#4924,0.5);
#4924 = AXIS2_PLACEMENT_3D('',#4925,#4926,#4927);
#4925 = CARTESIAN_POINT('',(39.7,11.115,-4.6E-02));
#4926 = DIRECTION('',(-0.,-0.,-1.));
#4927 = DIRECTION('',(-0.,-1.,0.));
#4928 = ADVANCED_FACE('',(#4929),#4940,.F.);
#4929 = FACE_BOUND('',#4930,.T.);
#4930 = EDGE_LOOP('',(#4931,#4932,#4938,#4939));
#4931 = ORIENTED_EDGE('',*,*,#1211,.T.);
#4932 = ORIENTED_EDGE('',*,*,#4933,.T.);
#4933 = EDGE_CURVE('',#1212,#2759,#4934,.T.);
#4934 = LINE('',#4935,#4936);
#4935 = CARTESIAN_POINT('',(39.7,13.155,-4.6E-02));
#4936 = VECTOR('',#4937,1.);
#4937 = DIRECTION('',(0.,0.,1.));
#4938 = ORIENTED_EDGE('',*,*,#2758,.F.);
#4939 = ORIENTED_EDGE('',*,*,#4933,.F.);
#4940 = CYLINDRICAL_SURFACE('',#4941,0.5);
#4941 = AXIS2_PLACEMENT_3D('',#4942,#4943,#4944);
#4942 = CARTESIAN_POINT('',(39.7,13.655,-4.6E-02));
#4943 = DIRECTION('',(-0.,-0.,-1.));
#4944 = DIRECTION('',(-0.,-1.,0.));
#4945 = ADVANCED_FACE('',(#4946),#4957,.F.);
#4946 = FACE_BOUND('',#4947,.T.);
#4947 = EDGE_LOOP('',(#4948,#4949,#4955,#4956));
#4948 = ORIENTED_EDGE('',*,*,#1222,.T.);
#4949 = ORIENTED_EDGE('',*,*,#4950,.T.);
#4950 = EDGE_CURVE('',#1223,#2770,#4951,.T.);
#4951 = LINE('',#4952,#4953);
#4952 = CARTESIAN_POINT('',(39.7,15.695,-4.6E-02));
#4953 = VECTOR('',#4954,1.);
#4954 = DIRECTION('',(0.,0.,1.));
#4955 = ORIENTED_EDGE('',*,*,#2769,.F.);
#4956 = ORIENTED_EDGE('',*,*,#4950,.F.);
#4957 = CYLINDRICAL_SURFACE('',#4958,0.5);
#4958 = AXIS2_PLACEMENT_3D('',#4959,#4960,#4961);
#4959 = CARTESIAN_POINT('',(39.7,16.195,-4.6E-02));
#4960 = DIRECTION('',(-0.,-0.,-1.));
#4961 = DIRECTION('',(-0.,-1.,0.));
#4962 = ADVANCED_FACE('',(#4963),#4974,.F.);
#4963 = FACE_BOUND('',#4964,.T.);
#4964 = EDGE_LOOP('',(#4965,#4966,#4972,#4973));
#4965 = ORIENTED_EDGE('',*,*,#1233,.T.);
#4966 = ORIENTED_EDGE('',*,*,#4967,.T.);
#4967 = EDGE_CURVE('',#1234,#2781,#4968,.T.);
#4968 = LINE('',#4969,#4970);
#4969 = CARTESIAN_POINT('',(39.7,18.235,-4.6E-02));
#4970 = VECTOR('',#4971,1.);
#4971 = DIRECTION('',(0.,0.,1.));
#4972 = ORIENTED_EDGE('',*,*,#2780,.F.);
#4973 = ORIENTED_EDGE('',*,*,#4967,.F.);
#4974 = CYLINDRICAL_SURFACE('',#4975,0.5);
#4975 = AXIS2_PLACEMENT_3D('',#4976,#4977,#4978);
#4976 = CARTESIAN_POINT('',(39.7,18.735,-4.6E-02));
#4977 = DIRECTION('',(-0.,-0.,-1.));
#4978 = DIRECTION('',(-0.,-1.,0.));
#4979 = ADVANCED_FACE('',(#4980),#4991,.F.);
#4980 = FACE_BOUND('',#4981,.T.);
#4981 = EDGE_LOOP('',(#4982,#4983,#4989,#4990));
#4982 = ORIENTED_EDGE('',*,*,#1244,.T.);
#4983 = ORIENTED_EDGE('',*,*,#4984,.T.);
#4984 = EDGE_CURVE('',#1245,#2792,#4985,.T.);
#4985 = LINE('',#4986,#4987);
#4986 = CARTESIAN_POINT('',(28.27,19.38,-4.6E-02));
#4987 = VECTOR('',#4988,1.);
#4988 = DIRECTION('',(0.,0.,1.));
#4989 = ORIENTED_EDGE('',*,*,#2791,.F.);
#4990 = ORIENTED_EDGE('',*,*,#4984,.F.);
#4991 = CYLINDRICAL_SURFACE('',#4992,0.5);
#4992 = AXIS2_PLACEMENT_3D('',#4993,#4994,#4995);
#4993 = CARTESIAN_POINT('',(28.27,19.88,-4.6E-02));
#4994 = DIRECTION('',(-0.,-0.,-1.));
#4995 = DIRECTION('',(-0.,-1.,0.));
#4996 = ADVANCED_FACE('',(#4997),#5008,.F.);
#4997 = FACE_BOUND('',#4998,.T.);
#4998 = EDGE_LOOP('',(#4999,#5000,#5006,#5007));
#4999 = ORIENTED_EDGE('',*,*,#1255,.T.);
#5000 = ORIENTED_EDGE('',*,*,#5001,.T.);
#5001 = EDGE_CURVE('',#1256,#2803,#5002,.T.);
#5002 = LINE('',#5003,#5004);
#5003 = CARTESIAN_POINT('',(30.81,19.38,-4.6E-02));
#5004 = VECTOR('',#5005,1.);
#5005 = DIRECTION('',(0.,0.,1.));
#5006 = ORIENTED_EDGE('',*,*,#2802,.F.);
#5007 = ORIENTED_EDGE('',*,*,#5001,.F.);
#5008 = CYLINDRICAL_SURFACE('',#5009,0.5);
#5009 = AXIS2_PLACEMENT_3D('',#5010,#5011,#5012);
#5010 = CARTESIAN_POINT('',(30.81,19.88,-4.6E-02));
#5011 = DIRECTION('',(-0.,-0.,-1.));
#5012 = DIRECTION('',(-0.,-1.,0.));
#5013 = ADVANCED_FACE('',(#5014),#5025,.F.);
#5014 = FACE_BOUND('',#5015,.T.);
#5015 = EDGE_LOOP('',(#5016,#5017,#5023,#5024));
#5016 = ORIENTED_EDGE('',*,*,#1266,.T.);
#5017 = ORIENTED_EDGE('',*,*,#5018,.T.);
#5018 = EDGE_CURVE('',#1267,#2814,#5019,.T.);
#5019 = LINE('',#5020,#5021);
#5020 = CARTESIAN_POINT('',(33.35,19.38,-4.6E-02));
#5021 = VECTOR('',#5022,1.);
#5022 = DIRECTION('',(0.,0.,1.));
#5023 = ORIENTED_EDGE('',*,*,#2813,.F.);
#5024 = ORIENTED_EDGE('',*,*,#5018,.F.);
#5025 = CYLINDRICAL_SURFACE('',#5026,0.5);
#5026 = AXIS2_PLACEMENT_3D('',#5027,#5028,#5029);
#5027 = CARTESIAN_POINT('',(33.35,19.88,-4.6E-02));
#5028 = DIRECTION('',(-0.,-0.,-1.));
#5029 = DIRECTION('',(-0.,-1.,0.));
#5030 = ADVANCED_FACE('',(#5031),#5042,.F.);
#5031 = FACE_BOUND('',#5032,.T.);
#5032 = EDGE_LOOP('',(#5033,#5034,#5040,#5041));
#5033 = ORIENTED_EDGE('',*,*,#1277,.T.);
#5034 = ORIENTED_EDGE('',*,*,#5035,.T.);
#5035 = EDGE_CURVE('',#1278,#2825,#5036,.T.);
#5036 = LINE('',#5037,#5038);
#5037 = CARTESIAN_POINT('',(35.89,19.38,-4.6E-02));
#5038 = VECTOR('',#5039,1.);
#5039 = DIRECTION('',(0.,0.,1.));
#5040 = ORIENTED_EDGE('',*,*,#2824,.F.);
#5041 = ORIENTED_EDGE('',*,*,#5035,.F.);
#5042 = CYLINDRICAL_SURFACE('',#5043,0.5);
#5043 = AXIS2_PLACEMENT_3D('',#5044,#5045,#5046);
#5044 = CARTESIAN_POINT('',(35.89,19.88,-4.6E-02));
#5045 = DIRECTION('',(-0.,-0.,-1.));
#5046 = DIRECTION('',(-0.,-1.,0.));
#5047 = ADVANCED_FACE('',(#5048),#5059,.F.);
#5048 = FACE_BOUND('',#5049,.T.);
#5049 = EDGE_LOOP('',(#5050,#5051,#5057,#5058));
#5050 = ORIENTED_EDGE('',*,*,#1288,.T.);
#5051 = ORIENTED_EDGE('',*,*,#5052,.T.);
#5052 = EDGE_CURVE('',#1289,#2836,#5053,.T.);
#5053 = LINE('',#5054,#5055);
#5054 = CARTESIAN_POINT('',(39.7,20.775,-4.6E-02));
#5055 = VECTOR('',#5056,1.);
#5056 = DIRECTION('',(0.,0.,1.));
#5057 = ORIENTED_EDGE('',*,*,#2835,.F.);
#5058 = ORIENTED_EDGE('',*,*,#5052,.F.);
#5059 = CYLINDRICAL_SURFACE('',#5060,0.5);
#5060 = AXIS2_PLACEMENT_3D('',#5061,#5062,#5063);
#5061 = CARTESIAN_POINT('',(39.7,21.275,-4.6E-02));
#5062 = DIRECTION('',(-0.,-0.,-1.));
#5063 = DIRECTION('',(-0.,-1.,0.));
#5064 = ADVANCED_FACE('',(#5065),#5076,.F.);
#5065 = FACE_BOUND('',#5066,.T.);
#5066 = EDGE_LOOP('',(#5067,#5068,#5074,#5075));
#5067 = ORIENTED_EDGE('',*,*,#1299,.T.);
#5068 = ORIENTED_EDGE('',*,*,#5069,.T.);
#5069 = EDGE_CURVE('',#1300,#2847,#5070,.T.);
#5070 = LINE('',#5071,#5072);
#5071 = CARTESIAN_POINT('',(39.7,23.315,-4.6E-02));
#5072 = VECTOR('',#5073,1.);
#5073 = DIRECTION('',(0.,0.,1.));
#5074 = ORIENTED_EDGE('',*,*,#2846,.F.);
#5075 = ORIENTED_EDGE('',*,*,#5069,.F.);
#5076 = CYLINDRICAL_SURFACE('',#5077,0.5);
#5077 = AXIS2_PLACEMENT_3D('',#5078,#5079,#5080);
#5078 = CARTESIAN_POINT('',(39.7,23.815,-4.6E-02));
#5079 = DIRECTION('',(-0.,-0.,-1.));
#5080 = DIRECTION('',(-0.,-1.,0.));
#5081 = ADVANCED_FACE('',(#5082),#5093,.F.);
#5082 = FACE_BOUND('',#5083,.T.);
#5083 = EDGE_LOOP('',(#5084,#5085,#5091,#5092));
#5084 = ORIENTED_EDGE('',*,*,#1310,.T.);
#5085 = ORIENTED_EDGE('',*,*,#5086,.T.);
#5086 = EDGE_CURVE('',#1311,#2858,#5087,.T.);
#5087 = LINE('',#5088,#5089);
#5088 = CARTESIAN_POINT('',(39.7,25.855,-4.6E-02));
#5089 = VECTOR('',#5090,1.);
#5090 = DIRECTION('',(0.,0.,1.));
#5091 = ORIENTED_EDGE('',*,*,#2857,.F.);
#5092 = ORIENTED_EDGE('',*,*,#5086,.F.);
#5093 = CYLINDRICAL_SURFACE('',#5094,0.5);
#5094 = AXIS2_PLACEMENT_3D('',#5095,#5096,#5097);
#5095 = CARTESIAN_POINT('',(39.7,26.355,-4.6E-02));
#5096 = DIRECTION('',(-0.,-0.,-1.));
#5097 = DIRECTION('',(-0.,-1.,0.));
#5098 = ADVANCED_FACE('',(#5099),#5110,.F.);
#5099 = FACE_BOUND('',#5100,.T.);
#5100 = EDGE_LOOP('',(#5101,#5102,#5108,#5109));
#5101 = ORIENTED_EDGE('',*,*,#1321,.T.);
#5102 = ORIENTED_EDGE('',*,*,#5103,.T.);
#5103 = EDGE_CURVE('',#1322,#2869,#5104,.T.);
#5104 = LINE('',#5105,#5106);
#5105 = CARTESIAN_POINT('',(39.7,28.395,-4.6E-02));
#5106 = VECTOR('',#5107,1.);
#5107 = DIRECTION('',(0.,0.,1.));
#5108 = ORIENTED_EDGE('',*,*,#2868,.F.);
#5109 = ORIENTED_EDGE('',*,*,#5103,.F.);
#5110 = CYLINDRICAL_SURFACE('',#5111,0.5);
#5111 = AXIS2_PLACEMENT_3D('',#5112,#5113,#5114);
#5112 = CARTESIAN_POINT('',(39.7,28.895,-4.6E-02));
#5113 = DIRECTION('',(-0.,-0.,-1.));
#5114 = DIRECTION('',(-0.,-1.,0.));
#5115 = ADVANCED_FACE('',(#5116),#5127,.F.);
#5116 = FACE_BOUND('',#5117,.T.);
#5117 = EDGE_LOOP('',(#5118,#5124,#5125,#5126));
#5118 = ORIENTED_EDGE('',*,*,#5119,.T.);
#5119 = EDGE_CURVE('',#1333,#2880,#5120,.T.);
#5120 = LINE('',#5121,#5122);
#5121 = CARTESIAN_POINT('',(54.,30.5,0.));
#5122 = VECTOR('',#5123,1.);
#5123 = DIRECTION('',(0.,0.,1.));
#5124 = ORIENTED_EDGE('',*,*,#2879,.T.);
#5125 = ORIENTED_EDGE('',*,*,#5119,.F.);
#5126 = ORIENTED_EDGE('',*,*,#1332,.F.);
#5127 = CYLINDRICAL_SURFACE('',#5128,1.5);
#5128 = AXIS2_PLACEMENT_3D('',#5129,#5130,#5131);
#5129 = CARTESIAN_POINT('',(52.5,30.5,0.));
#5130 = DIRECTION('',(-0.,-0.,-1.));
#5131 = DIRECTION('',(1.,0.,-0.));
#5132 = ADVANCED_FACE('',(#5133),#5144,.F.);
#5133 = FACE_BOUND('',#5134,.T.);
#5134 = EDGE_LOOP('',(#5135,#5136,#5142,#5143));
#5135 = ORIENTED_EDGE('',*,*,#1343,.T.);
#5136 = ORIENTED_EDGE('',*,*,#5137,.T.);
#5137 = EDGE_CURVE('',#1344,#2891,#5138,.T.);
#5138 = LINE('',#5139,#5140);
#5139 = CARTESIAN_POINT('',(28.27,34.62,-4.6E-02));
#5140 = VECTOR('',#5141,1.);
#5141 = DIRECTION('',(0.,0.,1.));
#5142 = ORIENTED_EDGE('',*,*,#2890,.F.);
#5143 = ORIENTED_EDGE('',*,*,#5137,.F.);
#5144 = CYLINDRICAL_SURFACE('',#5145,0.5);
#5145 = AXIS2_PLACEMENT_3D('',#5146,#5147,#5148);
#5146 = CARTESIAN_POINT('',(28.27,35.12,-4.6E-02));
#5147 = DIRECTION('',(-0.,-0.,-1.));
#5148 = DIRECTION('',(-0.,-1.,0.));
#5149 = ADVANCED_FACE('',(#5150),#5161,.F.);
#5150 = FACE_BOUND('',#5151,.T.);
#5151 = EDGE_LOOP('',(#5152,#5153,#5159,#5160));
#5152 = ORIENTED_EDGE('',*,*,#1354,.T.);
#5153 = ORIENTED_EDGE('',*,*,#5154,.T.);
#5154 = EDGE_CURVE('',#1355,#2902,#5155,.T.);
#5155 = LINE('',#5156,#5157);
#5156 = CARTESIAN_POINT('',(30.81,34.62,-4.6E-02));
#5157 = VECTOR('',#5158,1.);
#5158 = DIRECTION('',(0.,0.,1.));
#5159 = ORIENTED_EDGE('',*,*,#2901,.F.);
#5160 = ORIENTED_EDGE('',*,*,#5154,.F.);
#5161 = CYLINDRICAL_SURFACE('',#5162,0.5);
#5162 = AXIS2_PLACEMENT_3D('',#5163,#5164,#5165);
#5163 = CARTESIAN_POINT('',(30.81,35.12,-4.6E-02));
#5164 = DIRECTION('',(-0.,-0.,-1.));
#5165 = DIRECTION('',(-0.,-1.,0.));
#5166 = ADVANCED_FACE('',(#5167),#5178,.F.);
#5167 = FACE_BOUND('',#5168,.T.);
#5168 = EDGE_LOOP('',(#5169,#5170,#5176,#5177));
#5169 = ORIENTED_EDGE('',*,*,#1365,.T.);
#5170 = ORIENTED_EDGE('',*,*,#5171,.T.);
#5171 = EDGE_CURVE('',#1366,#2913,#5172,.T.);
#5172 = LINE('',#5173,#5174);
#5173 = CARTESIAN_POINT('',(33.35,34.62,-4.6E-02));
#5174 = VECTOR('',#5175,1.);
#5175 = DIRECTION('',(0.,0.,1.));
#5176 = ORIENTED_EDGE('',*,*,#2912,.F.);
#5177 = ORIENTED_EDGE('',*,*,#5171,.F.);
#5178 = CYLINDRICAL_SURFACE('',#5179,0.5);
#5179 = AXIS2_PLACEMENT_3D('',#5180,#5181,#5182);
#5180 = CARTESIAN_POINT('',(33.35,35.12,-4.6E-02));
#5181 = DIRECTION('',(-0.,-0.,-1.));
#5182 = DIRECTION('',(-0.,-1.,0.));
#5183 = ADVANCED_FACE('',(#5184),#5195,.F.);
#5184 = FACE_BOUND('',#5185,.T.);
#5185 = EDGE_LOOP('',(#5186,#5187,#5193,#5194));
#5186 = ORIENTED_EDGE('',*,*,#1376,.T.);
#5187 = ORIENTED_EDGE('',*,*,#5188,.T.);
#5188 = EDGE_CURVE('',#1377,#2924,#5189,.T.);
#5189 = LINE('',#5190,#5191);
#5190 = CARTESIAN_POINT('',(34.206025,40.535116,-4.6E-02));
#5191 = VECTOR('',#5192,1.);
#5192 = DIRECTION('',(0.,0.,1.));
#5193 = ORIENTED_EDGE('',*,*,#2923,.F.);
#5194 = ORIENTED_EDGE('',*,*,#5188,.F.);
#5195 = CYLINDRICAL_SURFACE('',#5196,0.45);
#5196 = AXIS2_PLACEMENT_3D('',#5197,#5198,#5199);
#5197 = CARTESIAN_POINT('',(34.206025,40.985116,-4.6E-02));
#5198 = DIRECTION('',(-0.,-0.,-1.));
#5199 = DIRECTION('',(-0.,-1.,0.));
#5200 = ADVANCED_FACE('',(#5201),#5212,.F.);
#5201 = FACE_BOUND('',#5202,.T.);
#5202 = EDGE_LOOP('',(#5203,#5204,#5210,#5211));
#5203 = ORIENTED_EDGE('',*,*,#1387,.T.);
#5204 = ORIENTED_EDGE('',*,*,#5205,.T.);
#5205 = EDGE_CURVE('',#1388,#2935,#5206,.T.);
#5206 = LINE('',#5207,#5208);
#5207 = CARTESIAN_POINT('',(35.89,34.62,-4.6E-02));
#5208 = VECTOR('',#5209,1.);
#5209 = DIRECTION('',(0.,0.,1.));
#5210 = ORIENTED_EDGE('',*,*,#2934,.F.);
#5211 = ORIENTED_EDGE('',*,*,#5205,.F.);
#5212 = CYLINDRICAL_SURFACE('',#5213,0.5);
#5213 = AXIS2_PLACEMENT_3D('',#5214,#5215,#5216);
#5214 = CARTESIAN_POINT('',(35.89,35.12,-4.6E-02));
#5215 = DIRECTION('',(-0.,-0.,-1.));
#5216 = DIRECTION('',(-0.,-1.,0.));
#5217 = ADVANCED_FACE('',(#5218),#5229,.F.);
#5218 = FACE_BOUND('',#5219,.T.);
#5219 = EDGE_LOOP('',(#5220,#5221,#5227,#5228));
#5220 = ORIENTED_EDGE('',*,*,#1398,.T.);
#5221 = ORIENTED_EDGE('',*,*,#5222,.T.);
#5222 = EDGE_CURVE('',#1399,#2946,#5223,.T.);
#5223 = LINE('',#5224,#5225);
#5224 = CARTESIAN_POINT('',(39.7,30.935,-4.6E-02));
#5225 = VECTOR('',#5226,1.);
#5226 = DIRECTION('',(0.,0.,1.));
#5227 = ORIENTED_EDGE('',*,*,#2945,.F.);
#5228 = ORIENTED_EDGE('',*,*,#5222,.F.);
#5229 = CYLINDRICAL_SURFACE('',#5230,0.5);
#5230 = AXIS2_PLACEMENT_3D('',#5231,#5232,#5233);
#5231 = CARTESIAN_POINT('',(39.7,31.435,-4.6E-02));
#5232 = DIRECTION('',(-0.,-0.,-1.));
#5233 = DIRECTION('',(-0.,-1.,0.));
#5234 = ADVANCED_FACE('',(#5235),#5246,.F.);
#5235 = FACE_BOUND('',#5236,.T.);
#5236 = EDGE_LOOP('',(#5237,#5238,#5244,#5245));
#5237 = ORIENTED_EDGE('',*,*,#1409,.T.);
#5238 = ORIENTED_EDGE('',*,*,#5239,.T.);
#5239 = EDGE_CURVE('',#1410,#2957,#5240,.T.);
#5240 = LINE('',#5241,#5242);
#5241 = CARTESIAN_POINT('',(39.7,33.475,-4.6E-02));
#5242 = VECTOR('',#5243,1.);
#5243 = DIRECTION('',(0.,0.,1.));
#5244 = ORIENTED_EDGE('',*,*,#2956,.F.);
#5245 = ORIENTED_EDGE('',*,*,#5239,.F.);
#5246 = CYLINDRICAL_SURFACE('',#5247,0.5);
#5247 = AXIS2_PLACEMENT_3D('',#5248,#5249,#5250);
#5248 = CARTESIAN_POINT('',(39.7,33.975,-4.6E-02));
#5249 = DIRECTION('',(-0.,-0.,-1.));
#5250 = DIRECTION('',(-0.,-1.,0.));
#5251 = ADVANCED_FACE('',(#5252),#5263,.F.);
#5252 = FACE_BOUND('',#5253,.T.);
#5253 = EDGE_LOOP('',(#5254,#5255,#5261,#5262));
#5254 = ORIENTED_EDGE('',*,*,#1420,.T.);
#5255 = ORIENTED_EDGE('',*,*,#5256,.T.);
#5256 = EDGE_CURVE('',#1421,#2968,#5257,.T.);
#5257 = LINE('',#5258,#5259);
#5258 = CARTESIAN_POINT('',(39.7,36.015,-4.6E-02));
#5259 = VECTOR('',#5260,1.);
#5260 = DIRECTION('',(0.,0.,1.));
#5261 = ORIENTED_EDGE('',*,*,#2967,.F.);
#5262 = ORIENTED_EDGE('',*,*,#5256,.F.);
#5263 = CYLINDRICAL_SURFACE('',#5264,0.5);
#5264 = AXIS2_PLACEMENT_3D('',#5265,#5266,#5267);
#5265 = CARTESIAN_POINT('',(39.7,36.515,-4.6E-02));
#5266 = DIRECTION('',(-0.,-0.,-1.));
#5267 = DIRECTION('',(-0.,-1.,0.));
#5268 = ADVANCED_FACE('',(#5269),#5280,.F.);
#5269 = FACE_BOUND('',#5270,.T.);
#5270 = EDGE_LOOP('',(#5271,#5272,#5278,#5279));
#5271 = ORIENTED_EDGE('',*,*,#1431,.T.);
#5272 = ORIENTED_EDGE('',*,*,#5273,.T.);
#5273 = EDGE_CURVE('',#1432,#2979,#5274,.T.);
#5274 = LINE('',#5275,#5276);
#5275 = CARTESIAN_POINT('',(35.838705,38.589364,-4.6E-02));
#5276 = VECTOR('',#5277,1.);
#5277 = DIRECTION('',(0.,0.,1.));
#5278 = ORIENTED_EDGE('',*,*,#2978,.F.);
#5279 = ORIENTED_EDGE('',*,*,#5273,.F.);
#5280 = CYLINDRICAL_SURFACE('',#5281,0.45);
#5281 = AXIS2_PLACEMENT_3D('',#5282,#5283,#5284);
#5282 = CARTESIAN_POINT('',(35.838705,39.039364,-4.6E-02));
#5283 = DIRECTION('',(-0.,-0.,-1.));
#5284 = DIRECTION('',(-1.578983857245E-14,-1.,0.));
#5285 = ADVANCED_FACE('',(#5286),#5297,.F.);
#5286 = FACE_BOUND('',#5287,.T.);
#5287 = EDGE_LOOP('',(#5288,#5289,#5295,#5296));
#5288 = ORIENTED_EDGE('',*,*,#1442,.T.);
#5289 = ORIENTED_EDGE('',*,*,#5290,.T.);
#5290 = EDGE_CURVE('',#1443,#2990,#5291,.T.);
#5291 = LINE('',#5292,#5293);
#5292 = CARTESIAN_POINT('',(35.910472,41.965318,-4.6E-02));
#5293 = VECTOR('',#5294,1.);
#5294 = DIRECTION('',(0.,0.,1.));
#5295 = ORIENTED_EDGE('',*,*,#2989,.F.);
#5296 = ORIENTED_EDGE('',*,*,#5290,.F.);
#5297 = CYLINDRICAL_SURFACE('',#5298,0.45);
#5298 = AXIS2_PLACEMENT_3D('',#5299,#5300,#5301);
#5299 = CARTESIAN_POINT('',(35.910472,42.415318,-4.6E-02));
#5300 = DIRECTION('',(-0.,-0.,-1.));
#5301 = DIRECTION('',(-0.,-1.,0.));
#5302 = ADVANCED_FACE('',(#5303),#5314,.F.);
#5303 = FACE_BOUND('',#5304,.T.);
#5304 = EDGE_LOOP('',(#5305,#5306,#5312,#5313));
#5305 = ORIENTED_EDGE('',*,*,#1453,.T.);
#5306 = ORIENTED_EDGE('',*,*,#5307,.T.);
#5307 = EDGE_CURVE('',#1454,#3001,#5308,.T.);
#5308 = LINE('',#5309,#5310);
#5309 = CARTESIAN_POINT('',(37.559223,40.000415,-4.6E-02));
#5310 = VECTOR('',#5311,1.);
#5311 = DIRECTION('',(0.,0.,1.));
#5312 = ORIENTED_EDGE('',*,*,#3000,.F.);
#5313 = ORIENTED_EDGE('',*,*,#5307,.F.);
#5314 = CYLINDRICAL_SURFACE('',#5315,0.45);
#5315 = AXIS2_PLACEMENT_3D('',#5316,#5317,#5318);
#5316 = CARTESIAN_POINT('',(37.559223,40.450415,-4.6E-02));
#5317 = DIRECTION('',(-0.,-0.,-1.));
#5318 = DIRECTION('',(-0.,-1.,0.));
#5319 = ADVANCED_FACE('',(#5320),#5331,.F.);
#5320 = FACE_BOUND('',#5321,.T.);
#5321 = EDGE_LOOP('',(#5322,#5328,#5329,#5330));
#5322 = ORIENTED_EDGE('',*,*,#5323,.T.);
#5323 = EDGE_CURVE('',#1465,#3012,#5324,.T.);
#5324 = LINE('',#5325,#5326);
#5325 = CARTESIAN_POINT('',(42.,41.,0.));
#5326 = VECTOR('',#5327,1.);
#5327 = DIRECTION('',(0.,0.,1.));
#5328 = ORIENTED_EDGE('',*,*,#3011,.T.);
#5329 = ORIENTED_EDGE('',*,*,#5323,.F.);
#5330 = ORIENTED_EDGE('',*,*,#1464,.F.);
#5331 = CYLINDRICAL_SURFACE('',#5332,1.);
#5332 = AXIS2_PLACEMENT_3D('',#5333,#5334,#5335);
#5333 = CARTESIAN_POINT('',(41.,41.,0.));
#5334 = DIRECTION('',(-0.,-0.,-1.));
#5335 = DIRECTION('',(1.,0.,-0.));
#5336 = ADVANCED_FACE('',(#5337),#5348,.F.);
#5337 = FACE_BOUND('',#5338,.T.);
#5338 = EDGE_LOOP('',(#5339,#5345,#5346,#5347));
#5339 = ORIENTED_EDGE('',*,*,#5340,.T.);
#5340 = EDGE_CURVE('',#1476,#3023,#5341,.T.);
#5341 = LINE('',#5342,#5343);
#5342 = CARTESIAN_POINT('',(33.,47.,0.));
#5343 = VECTOR('',#5344,1.);
#5344 = DIRECTION('',(0.,0.,1.));
#5345 = ORIENTED_EDGE('',*,*,#3022,.T.);
#5346 = ORIENTED_EDGE('',*,*,#5340,.F.);
#5347 = ORIENTED_EDGE('',*,*,#1475,.F.);
#5348 = CYLINDRICAL_SURFACE('',#5349,1.);
#5349 = AXIS2_PLACEMENT_3D('',#5350,#5351,#5352);
#5350 = CARTESIAN_POINT('',(32.,47.,0.));
#5351 = DIRECTION('',(-0.,-0.,-1.));
#5352 = DIRECTION('',(1.,0.,-0.));
#5353 = ADVANCED_FACE('',(#5354),#5365,.F.);
#5354 = FACE_BOUND('',#5355,.T.);
#5355 = EDGE_LOOP('',(#5356,#5357,#5363,#5364));
#5356 = ORIENTED_EDGE('',*,*,#1486,.T.);
#5357 = ORIENTED_EDGE('',*,*,#5358,.T.);
#5358 = EDGE_CURVE('',#1487,#3034,#5359,.T.);
#5359 = LINE('',#5360,#5361);
#5360 = CARTESIAN_POINT('',(30.136028,50.282032,-4.6E-02));
#5361 = VECTOR('',#5362,1.);
#5362 = DIRECTION('',(0.,0.,1.));
#5363 = ORIENTED_EDGE('',*,*,#3033,.F.);
#5364 = ORIENTED_EDGE('',*,*,#5358,.F.);
#5365 = CYLINDRICAL_SURFACE('',#5366,0.45);
#5366 = AXIS2_PLACEMENT_3D('',#5367,#5368,#5369);
#5367 = CARTESIAN_POINT('',(30.136028,50.732032,-4.6E-02));
#5368 = DIRECTION('',(-0.,-0.,-1.));
#5369 = DIRECTION('',(-0.,-1.,0.));
#5370 = ADVANCED_FACE('',(#5371),#5382,.F.);
#5371 = FACE_BOUND('',#5372,.T.);
#5372 = EDGE_LOOP('',(#5373,#5374,#5380,#5381));
#5373 = ORIENTED_EDGE('',*,*,#1497,.T.);
#5374 = ORIENTED_EDGE('',*,*,#5375,.T.);
#5375 = EDGE_CURVE('',#1498,#3045,#5376,.T.);
#5376 = LINE('',#5377,#5378);
#5377 = CARTESIAN_POINT('',(29.914653,52.812365,-4.6E-02));
#5378 = VECTOR('',#5379,1.);
#5379 = DIRECTION('',(0.,0.,1.));
#5380 = ORIENTED_EDGE('',*,*,#3044,.F.);
#5381 = ORIENTED_EDGE('',*,*,#5375,.F.);
#5382 = CYLINDRICAL_SURFACE('',#5383,0.45);
#5383 = AXIS2_PLACEMENT_3D('',#5384,#5385,#5386);
#5384 = CARTESIAN_POINT('',(29.914653,53.262365,-4.6E-02));
#5385 = DIRECTION('',(-0.,-0.,-1.));
#5386 = DIRECTION('',(-0.,-1.,0.));
#5387 = ADVANCED_FACE('',(#5388),#5399,.F.);
#5388 = FACE_BOUND('',#5389,.T.);
#5389 = EDGE_LOOP('',(#5390,#5391,#5397,#5398));
#5390 = ORIENTED_EDGE('',*,*,#1508,.T.);
#5391 = ORIENTED_EDGE('',*,*,#5392,.T.);
#5392 = EDGE_CURVE('',#1509,#3056,#5393,.T.);
#5393 = LINE('',#5394,#5395);
#5394 = CARTESIAN_POINT('',(32.35474,50.451048,-4.6E-02));
#5395 = VECTOR('',#5396,1.);
#5396 = DIRECTION('',(0.,0.,1.));
#5397 = ORIENTED_EDGE('',*,*,#3055,.F.);
#5398 = ORIENTED_EDGE('',*,*,#5392,.F.);
#5399 = CYLINDRICAL_SURFACE('',#5400,0.45);
#5400 = AXIS2_PLACEMENT_3D('',#5401,#5402,#5403);
#5401 = CARTESIAN_POINT('',(32.35474,50.901048,-4.6E-02));
#5402 = DIRECTION('',(-0.,-0.,-1.));
#5403 = DIRECTION('',(-0.,-1.,0.));
#5404 = ADVANCED_FACE('',(#5405),#5416,.F.);
#5405 = FACE_BOUND('',#5406,.T.);
#5406 = EDGE_LOOP('',(#5407,#5408,#5414,#5415));
#5407 = ORIENTED_EDGE('',*,*,#1519,.T.);
#5408 = ORIENTED_EDGE('',*,*,#5409,.T.);
#5409 = EDGE_CURVE('',#1520,#3067,#5410,.T.);
#5410 = LINE('',#5411,#5412);
#5411 = CARTESIAN_POINT('',(32.131185,53.006288,-4.6E-02));
#5412 = VECTOR('',#5413,1.);
#5413 = DIRECTION('',(0.,0.,1.));
#5414 = ORIENTED_EDGE('',*,*,#3066,.F.);
#5415 = ORIENTED_EDGE('',*,*,#5409,.F.);
#5416 = CYLINDRICAL_SURFACE('',#5417,0.45);
#5417 = AXIS2_PLACEMENT_3D('',#5418,#5419,#5420);
#5418 = CARTESIAN_POINT('',(32.131185,53.456288,-4.6E-02));
#5419 = DIRECTION('',(-0.,-0.,-1.));
#5420 = DIRECTION('',(-0.,-1.,0.));
#5421 = ADVANCED_FACE('',(#5422),#5433,.F.);
#5422 = FACE_BOUND('',#5423,.T.);
#5423 = EDGE_LOOP('',(#5424,#5425,#5431,#5432));
#5424 = ORIENTED_EDGE('',*,*,#1530,.T.);
#5425 = ORIENTED_EDGE('',*,*,#5426,.T.);
#5426 = EDGE_CURVE('',#1531,#3078,#5427,.T.);
#5427 = LINE('',#5428,#5429);
#5428 = CARTESIAN_POINT('',(39.589641,45.259277,-4.6E-02));
#5429 = VECTOR('',#5430,1.);
#5430 = DIRECTION('',(0.,0.,1.));
#5431 = ORIENTED_EDGE('',*,*,#3077,.F.);
#5432 = ORIENTED_EDGE('',*,*,#5426,.F.);
#5433 = CYLINDRICAL_SURFACE('',#5434,0.55);
#5434 = AXIS2_PLACEMENT_3D('',#5435,#5436,#5437);
#5435 = CARTESIAN_POINT('',(39.589641,45.809277,-4.6E-02));
#5436 = DIRECTION('',(-0.,-0.,-1.));
#5437 = DIRECTION('',(-0.,-1.,0.));
#5438 = ADVANCED_FACE('',(#5439),#5450,.F.);
#5439 = FACE_BOUND('',#5440,.T.);
#5440 = EDGE_LOOP('',(#5441,#5442,#5448,#5449));
#5441 = ORIENTED_EDGE('',*,*,#1541,.T.);
#5442 = ORIENTED_EDGE('',*,*,#5443,.T.);
#5443 = EDGE_CURVE('',#1542,#3089,#5444,.T.);
#5444 = LINE('',#5445,#5446);
#5445 = CARTESIAN_POINT('',(41.518004,43.011144,-4.6E-02));
#5446 = VECTOR('',#5447,1.);
#5447 = DIRECTION('',(0.,0.,1.));
#5448 = ORIENTED_EDGE('',*,*,#3088,.F.);
#5449 = ORIENTED_EDGE('',*,*,#5443,.F.);
#5450 = CYLINDRICAL_SURFACE('',#5451,0.5);
#5451 = AXIS2_PLACEMENT_3D('',#5452,#5453,#5454);
#5452 = CARTESIAN_POINT('',(41.518004,43.511144,-4.6E-02));
#5453 = DIRECTION('',(-0.,-0.,-1.));
#5454 = DIRECTION('',(-0.,-1.,0.));
#5455 = ADVANCED_FACE('',(#5456),#5467,.F.);
#5456 = FACE_BOUND('',#5457,.T.);
#5457 = EDGE_LOOP('',(#5458,#5459,#5465,#5466));
#5458 = ORIENTED_EDGE('',*,*,#1552,.T.);
#5459 = ORIENTED_EDGE('',*,*,#5460,.T.);
#5460 = EDGE_CURVE('',#1553,#3100,#5461,.T.);
#5461 = LINE('',#5462,#5463);
#5462 = CARTESIAN_POINT('',(37.353145,50.637587,-4.6E-02));
#5463 = VECTOR('',#5464,1.);
#5464 = DIRECTION('',(0.,0.,1.));
#5465 = ORIENTED_EDGE('',*,*,#3099,.F.);
#5466 = ORIENTED_EDGE('',*,*,#5460,.F.);
#5467 = CYLINDRICAL_SURFACE('',#5468,0.5);
#5468 = AXIS2_PLACEMENT_3D('',#5469,#5470,#5471);
#5469 = CARTESIAN_POINT('',(37.353145,51.137587,-4.6E-02));
#5470 = DIRECTION('',(-0.,-0.,-1.));
#5471 = DIRECTION('',(-0.,-1.,0.));
#5472 = ADVANCED_FACE('',(#5473),#5484,.F.);
#5473 = FACE_BOUND('',#5474,.T.);
#5474 = EDGE_LOOP('',(#5475,#5476,#5482,#5483));
#5475 = ORIENTED_EDGE('',*,*,#1563,.T.);
#5476 = ORIENTED_EDGE('',*,*,#5477,.T.);
#5477 = EDGE_CURVE('',#1564,#3111,#5478,.T.);
#5478 = LINE('',#5479,#5480);
#5479 = CARTESIAN_POINT('',(37.091678,53.576171,-4.6E-02));
#5480 = VECTOR('',#5481,1.);
#5481 = DIRECTION('',(0.,0.,1.));
#5482 = ORIENTED_EDGE('',*,*,#3110,.F.);
#5483 = ORIENTED_EDGE('',*,*,#5477,.F.);
#5484 = CYLINDRICAL_SURFACE('',#5485,0.55);
#5485 = AXIS2_PLACEMENT_3D('',#5486,#5487,#5488);
#5486 = CARTESIAN_POINT('',(37.091678,54.126171,-4.6E-02));
#5487 = DIRECTION('',(-0.,-0.,-1.));
#5488 = DIRECTION('',(-0.,-1.,0.));
#5489 = ADVANCED_FACE('',(#5490),#5501,.F.);
#5490 = FACE_BOUND('',#5491,.T.);
#5491 = EDGE_LOOP('',(#5492,#5493,#5499,#5500));
#5492 = ORIENTED_EDGE('',*,*,#1574,.T.);
#5493 = ORIENTED_EDGE('',*,*,#5494,.T.);
#5494 = EDGE_CURVE('',#1575,#3122,#5495,.T.);
#5495 = LINE('',#5496,#5497);
#5496 = CARTESIAN_POINT('',(45.741993,34.685157,-4.6E-02));
#5497 = VECTOR('',#5498,1.);
#5498 = DIRECTION('',(0.,0.,1.));
#5499 = ORIENTED_EDGE('',*,*,#3121,.F.);
#5500 = ORIENTED_EDGE('',*,*,#5494,.F.);
#5501 = CYLINDRICAL_SURFACE('',#5502,0.45);
#5502 = AXIS2_PLACEMENT_3D('',#5503,#5504,#5505);
#5503 = CARTESIAN_POINT('',(45.741993,35.135157,-4.6E-02));
#5504 = DIRECTION('',(-0.,0.,-1.));
#5505 = DIRECTION('',(1.578983857245E-14,-1.,-0.));
#5506 = ADVANCED_FACE('',(#5507),#5518,.F.);
#5507 = FACE_BOUND('',#5508,.T.);
#5508 = EDGE_LOOP('',(#5509,#5510,#5516,#5517));
#5509 = ORIENTED_EDGE('',*,*,#1585,.T.);
#5510 = ORIENTED_EDGE('',*,*,#5511,.T.);
#5511 = EDGE_CURVE('',#1586,#3133,#5512,.T.);
#5512 = LINE('',#5513,#5514);
#5513 = CARTESIAN_POINT('',(48.272326,34.463781,-4.6E-02));
#5514 = VECTOR('',#5515,1.);
#5515 = DIRECTION('',(0.,0.,1.));
#5516 = ORIENTED_EDGE('',*,*,#3132,.F.);
#5517 = ORIENTED_EDGE('',*,*,#5511,.F.);
#5518 = CYLINDRICAL_SURFACE('',#5519,0.45);
#5519 = AXIS2_PLACEMENT_3D('',#5520,#5521,#5522);
#5520 = CARTESIAN_POINT('',(48.272326,34.913781,-4.6E-02));
#5521 = DIRECTION('',(-0.,-0.,-1.));
#5522 = DIRECTION('',(-0.,-1.,0.));
#5523 = ADVANCED_FACE('',(#5524),#5535,.F.);
#5524 = FACE_BOUND('',#5525,.T.);
#5525 = EDGE_LOOP('',(#5526,#5527,#5533,#5534));
#5526 = ORIENTED_EDGE('',*,*,#1596,.T.);
#5527 = ORIENTED_EDGE('',*,*,#5528,.T.);
#5528 = EDGE_CURVE('',#1597,#3144,#5529,.T.);
#5529 = LINE('',#5530,#5531);
#5530 = CARTESIAN_POINT('',(48.491153,36.678136,-4.6E-02));
#5531 = VECTOR('',#5532,1.);
#5532 = DIRECTION('',(0.,0.,1.));
#5533 = ORIENTED_EDGE('',*,*,#3143,.F.);
#5534 = ORIENTED_EDGE('',*,*,#5528,.F.);
#5535 = CYLINDRICAL_SURFACE('',#5536,0.45);
#5536 = AXIS2_PLACEMENT_3D('',#5537,#5538,#5539);
#5537 = CARTESIAN_POINT('',(48.491153,37.128136,-4.6E-02));
#5538 = DIRECTION('',(-0.,-0.,-1.));
#5539 = DIRECTION('',(-0.,-1.,0.));
#5540 = ADVANCED_FACE('',(#5541),#5552,.F.);
#5541 = FACE_BOUND('',#5542,.T.);
#5542 = EDGE_LOOP('',(#5543,#5544,#5550,#5551));
#5543 = ORIENTED_EDGE('',*,*,#1607,.T.);
#5544 = ORIENTED_EDGE('',*,*,#5545,.T.);
#5545 = EDGE_CURVE('',#1608,#3155,#5546,.T.);
#5546 = LINE('',#5547,#5548);
#5547 = CARTESIAN_POINT('',(45.935913,36.901689,-4.6E-02));
#5548 = VECTOR('',#5549,1.);
#5549 = DIRECTION('',(0.,0.,1.));
#5550 = ORIENTED_EDGE('',*,*,#3154,.F.);
#5551 = ORIENTED_EDGE('',*,*,#5545,.F.);
#5552 = CYLINDRICAL_SURFACE('',#5553,0.45);
#5553 = AXIS2_PLACEMENT_3D('',#5554,#5555,#5556);
#5554 = CARTESIAN_POINT('',(45.935913,37.351689,-4.6E-02));
#5555 = DIRECTION('',(-0.,-0.,-1.));
#5556 = DIRECTION('',(-0.,-1.,0.));
#5557 = ADVANCED_FACE('',(#5558),#5569,.F.);
#5558 = FACE_BOUND('',#5559,.T.);
#5559 = EDGE_LOOP('',(#5560,#5561,#5567,#5568));
#5560 = ORIENTED_EDGE('',*,*,#1618,.T.);
#5561 = ORIENTED_EDGE('',*,*,#5562,.T.);
#5562 = EDGE_CURVE('',#1619,#3166,#5563,.T.);
#5563 = LINE('',#5564,#5565);
#5564 = CARTESIAN_POINT('',(46.137587,41.803145,-4.6E-02));
#5565 = VECTOR('',#5566,1.);
#5566 = DIRECTION('',(0.,0.,1.));
#5567 = ORIENTED_EDGE('',*,*,#3165,.F.);
#5568 = ORIENTED_EDGE('',*,*,#5562,.F.);
#5569 = CYLINDRICAL_SURFACE('',#5570,0.55);
#5570 = AXIS2_PLACEMENT_3D('',#5571,#5572,#5573);
#5571 = CARTESIAN_POINT('',(46.137587,42.353145,-4.6E-02));
#5572 = DIRECTION('',(-0.,0.,-1.));
#5573 = DIRECTION('',(1.2918958832E-14,-1.,-0.));
#5574 = ADVANCED_FACE('',(#5575),#5586,.F.);
#5575 = FACE_BOUND('',#5576,.T.);
#5576 = EDGE_LOOP('',(#5577,#5578,#5584,#5585));
#5577 = ORIENTED_EDGE('',*,*,#1629,.T.);
#5578 = ORIENTED_EDGE('',*,*,#5579,.T.);
#5579 = EDGE_CURVE('',#1630,#3177,#5580,.T.);
#5580 = LINE('',#5581,#5582);
#5581 = CARTESIAN_POINT('',(49.126171,41.591678,-4.6E-02));
#5582 = VECTOR('',#5583,1.);
#5583 = DIRECTION('',(0.,0.,1.));
#5584 = ORIENTED_EDGE('',*,*,#3176,.F.);
#5585 = ORIENTED_EDGE('',*,*,#5579,.F.);
#5586 = CYLINDRICAL_SURFACE('',#5587,0.5);
#5587 = AXIS2_PLACEMENT_3D('',#5588,#5589,#5590);
#5588 = CARTESIAN_POINT('',(49.126171,42.091678,-4.6E-02));
#5589 = DIRECTION('',(-0.,-0.,-1.));
#5590 = DIRECTION('',(-0.,-1.,0.));
#5591 = ADVANCED_FACE('',(#5592),#5603,.F.);
#5592 = FACE_BOUND('',#5593,.T.);
#5593 = EDGE_LOOP('',(#5594,#5595,#5601,#5602));
#5594 = ORIENTED_EDGE('',*,*,#1640,.T.);
#5595 = ORIENTED_EDGE('',*,*,#5596,.T.);
#5596 = EDGE_CURVE('',#1641,#3188,#5597,.T.);
#5597 = LINE('',#5598,#5599);
#5598 = CARTESIAN_POINT('',(53.,35.6,-4.6E-02));
#5599 = VECTOR('',#5600,1.);
#5600 = DIRECTION('',(0.,0.,1.));
#5601 = ORIENTED_EDGE('',*,*,#3187,.F.);
#5602 = ORIENTED_EDGE('',*,*,#5596,.F.);
#5603 = CYLINDRICAL_SURFACE('',#5604,0.4);
#5604 = AXIS2_PLACEMENT_3D('',#5605,#5606,#5607);
#5605 = CARTESIAN_POINT('',(53.,36.,-4.6E-02));
#5606 = DIRECTION('',(-0.,-0.,-1.));
#5607 = DIRECTION('',(-0.,-1.,0.));
#5608 = ADVANCED_FACE('',(#5609),#5620,.F.);
#5609 = FACE_BOUND('',#5610,.T.);
#5610 = EDGE_LOOP('',(#5611,#5612,#5618,#5619));
#5611 = ORIENTED_EDGE('',*,*,#1651,.T.);
#5612 = ORIENTED_EDGE('',*,*,#5613,.T.);
#5613 = EDGE_CURVE('',#1652,#3199,#5614,.T.);
#5614 = LINE('',#5615,#5616);
#5615 = CARTESIAN_POINT('',(55.,35.6,-4.6E-02));
#5616 = VECTOR('',#5617,1.);
#5617 = DIRECTION('',(0.,0.,1.));
#5618 = ORIENTED_EDGE('',*,*,#3198,.F.);
#5619 = ORIENTED_EDGE('',*,*,#5613,.F.);
#5620 = CYLINDRICAL_SURFACE('',#5621,0.4);
#5621 = AXIS2_PLACEMENT_3D('',#5622,#5623,#5624);
#5622 = CARTESIAN_POINT('',(55.,36.,-4.6E-02));
#5623 = DIRECTION('',(-0.,-0.,-1.));
#5624 = DIRECTION('',(-0.,-1.,0.));
#5625 = ADVANCED_FACE('',(#5626),#5637,.F.);
#5626 = FACE_BOUND('',#5627,.T.);
#5627 = EDGE_LOOP('',(#5628,#5629,#5635,#5636));
#5628 = ORIENTED_EDGE('',*,*,#1662,.T.);
#5629 = ORIENTED_EDGE('',*,*,#5630,.T.);
#5630 = EDGE_CURVE('',#1663,#3210,#5631,.T.);
#5631 = LINE('',#5632,#5633);
#5632 = CARTESIAN_POINT('',(57.,35.6,-4.6E-02));
#5633 = VECTOR('',#5634,1.);
#5634 = DIRECTION('',(0.,0.,1.));
#5635 = ORIENTED_EDGE('',*,*,#3209,.F.);
#5636 = ORIENTED_EDGE('',*,*,#5630,.F.);
#5637 = CYLINDRICAL_SURFACE('',#5638,0.4);
#5638 = AXIS2_PLACEMENT_3D('',#5639,#5640,#5641);
#5639 = CARTESIAN_POINT('',(57.,36.,-4.6E-02));
#5640 = DIRECTION('',(-0.,-0.,-1.));
#5641 = DIRECTION('',(-0.,-1.,0.));
#5642 = ADVANCED_FACE('',(#5643),#5654,.F.);
#5643 = FACE_BOUND('',#5644,.T.);
#5644 = EDGE_LOOP('',(#5645,#5646,#5652,#5653));
#5645 = ORIENTED_EDGE('',*,*,#1673,.T.);
#5646 = ORIENTED_EDGE('',*,*,#5647,.T.);
#5647 = EDGE_CURVE('',#1674,#3221,#5648,.T.);
#5648 = LINE('',#5649,#5650);
#5649 = CARTESIAN_POINT('',(59.,35.6,-4.6E-02));
#5650 = VECTOR('',#5651,1.);
#5651 = DIRECTION('',(0.,0.,1.));
#5652 = ORIENTED_EDGE('',*,*,#3220,.F.);
#5653 = ORIENTED_EDGE('',*,*,#5647,.F.);
#5654 = CYLINDRICAL_SURFACE('',#5655,0.4);
#5655 = AXIS2_PLACEMENT_3D('',#5656,#5657,#5658);
#5656 = CARTESIAN_POINT('',(59.,36.,-4.6E-02));
#5657 = DIRECTION('',(-0.,-0.,-1.));
#5658 = DIRECTION('',(-0.,-1.,0.));
#5659 = ( GEOMETRIC_REPRESENTATION_CONTEXT(3) 
GLOBAL_UNCERTAINTY_ASSIGNED_CONTEXT((#5663)) 
GLOBAL_UNIT_ASSIGNED_CONTEXT((#5660,#5661,#5662)) REPRESENTATION_CONTEXT
('Context #1','3D Context with UNIT and UNCERTAINTY') );
#5660 = ( LENGTH_UNIT() NAMED_UNIT(*) SI_UNIT(.MILLI.,.METRE.) );
#5661 = ( NAMED_UNIT(*) PLANE_ANGLE_UNIT() SI_UNIT($,.RADIAN.) );
#5662 = ( NAMED_UNIT(*) SI_UNIT($,.STERADIAN.) SOLID_ANGLE_UNIT() );
#5663 = UNCERTAINTY_MEASURE_WITH_UNIT(LENGTH_MEASURE(1.E-07),#5660,
  'distance_accuracy_value','confusion accuracy');
#5664 = CONTEXT_DEPENDENT_SHAPE_REPRESENTATION(#5665,#5667);
#5665 = ( REPRESENTATION_RELATIONSHIP('','',#32,#10) 
REPRESENTATION_RELATIONSHIP_WITH_TRANSFORMATION(#5666) 
SHAPE_REPRESENTATION_RELATIONSHIP() );
#5666 = ITEM_DEFINED_TRANSFORMATION('','',#11,#15);
#5667 = PRODUCT_DEFINITION_SHAPE('Placement','Placement of an item',
  #5668);
#5668 = NEXT_ASSEMBLY_USAGE_OCCURRENCE('1','=>[0:1:1:2]','',#5,#27,$);
#5669 = PRODUCT_RELATED_PRODUCT_CATEGORY('part',$,(#29));
#5670 = MECHANICAL_DESIGN_GEOMETRIC_PRESENTATION_REPRESENTATION('',(
    #5671),#5659);
#5671 = STYLED_ITEM('color',(#5672),#33);
#5672 = PRESENTATION_STYLE_ASSIGNMENT((#5673));
#5673 = SURFACE_STYLE_USAGE(.BOTH.,#5674);
#5674 = SURFACE_SIDE_STYLE('',(#5675));
#5675 = SURFACE_STYLE_FILL_AREA(#5676);
#5676 = FILL_AREA_STYLE('',(#5677));
#5677 = FILL_AREA_STYLE_COLOUR('',#5678);
#5678 = COLOUR_RGB('',0.313304153717,0.484529207832,0.410020903123);
ENDSEC;
END-ISO-10303-21;
